{
  "mean": [
    0.0,
    0.0,
    0.0,
    0.0,
    0.0007264032904817002,
    0.0014528065809633964,
    0.0021792098714450946,
    0.0025049241880816782,
    0.003777848083162927,
    0.004689795872922702
  ],
  "best": [
    0.0,
    0.0,
    0.0,
    0.0,
    0.0036320164524085014,
    0.0036320164524085014,
    0.0036320164524085014,
    0.003632016452408522,
    0.006656289266083068,
    0.006656289266083068
  ]
}