{
  "mean_fitness": [
    -0.36887748672220394,
    -0.3693201857887886,
    -0.36868265496842545,
    -0.3695376431190121,
    -0.36933778998920913
  ],
  "best_fitness": -0.35847418681125165
}