{
  "mean_fitness": [
    0.2087003607273909,
    0.20771212381304852,
    0.208730245966502,
    0.20991746874193554,
    0.21269902396479087,
    0.21410399852532208,
    0.2137991303748593,
    0.2116743184911479,
    0.21366944014809403,
    0.21312427633262798
  ],
  "best_fitness": [
    0.21221971671874312,
    0.21221971671874312,
    0.21408694216934054,
    0.21408694216934054,
    0.21408694216934054,
    0.21417222394924823,
    0.21471513452647506,
    0.21471513452647506,
    0.21519206636278884,
    0.21519206636278884
  ]
}