{
  "mean_fitness": [
    -0.36887748672220394,
    -0.3693201857887886,
    -0.36868265496842545,
    -0.3695376431190121,
    -0.36933778998920913,
    -0.3690633642592841,
    -0.3691970813427946,
    -0.36851060239155237,
    -0.36858177566757333,
    -0.36890082944439473,
    -0.3701313430070674,
    -0.36844736489511687,
    -0.3690015783084567,
    -0.3676351372865045,
    -0.36868420334036034,
    -0.36908210641918693,
    -0.36998913087587004,
    -0.3686425042994567,
    -0.36746041124225176,
    -0.36660844619541494,
    -0.3671669791860163,
    -0.3674573172867007,
    -0.3672910900049814,
    -0.3669155634711232,
    -0.36806734215749815
  ],
  "best_fitness": -0.35741593923493276
}