{
  "mean_fitness": [
    1.2969987839384207,
    1.297173523824258,
    1.2967282236033546,
    1.2974112260459132,
    1.2975236576873794,
    1.2978828956737976,
    1.298135706214223,
    1.2986041300141715,
    1.2984843462701399,
    1.2989010247747637,
    1.2989647352678317,
    1.2989641597378225,
    1.2990727246247347,
    1.2991181096678466,
    1.2991522667108295,
    1.299211616844665,
    1.2991674136166174,
    1.299245648735779,
    1.2992912514835324,
    1.2992889289960343
  ],
  "best_fitness": 1.2996883888221353
}