{
  "mean_fitness": [
    0.21201186427788016,
    0.21030985019084616
  ],
  "best_fitness": [
    0.2134326168430522,
    0.2134326168430522
  ]
}