{
  "mean_fitness": [
    0.20987097443723526,
    0.21145094610485268
  ],
  "best_fitness": [
    0.2137434346275261,
    0.21576157676052357
  ]
}