{
  "mean_fitness": [
    0.208892131988148,
    0.21103509786764652
  ],
  "best_fitness": [
    0.2090756072658272,
    0.21219341605447878
  ]
}