{
  "mean_fitness": [
    0.21043695947306446,
    0.21224632434610347,
    0.21249302185044777,
    0.21273725154256198,
    0.21195329517653833,
    0.2127711230986921,
    0.21338087162618416,
    0.21341054109295216,
    0.21266707246264974,
    0.21443795553768252
  ],
  "best_fitness": [
    0.2130190690661722,
    0.2130190690661722,
    0.2130190690661722,
    0.21338087162618416,
    0.21338087162618416,
    0.21338087162618416,
    0.21338087162618416,
    0.21468809782791115,
    0.21468809782791115,
    0.2153459037166863
  ]
}