{
  "mean_fitness": [
    0.21014021510184802,
    0.21171878453720783,
    0.21237265570932695,
    0.21182494087291834,
    0.21249940607377096,
    0.2132188040537811,
    0.21331878942035234,
    0.2142210685904819,
    0.21505069822276154,
    0.2162184547745995,
    0.21647887646574465,
    0.2178410570548773,
    0.2179841894019368,
    0.21984467159625762,
    0.22001493333250208,
    0.22095581921811916,
    0.2218261852180669,
    0.22231079339496979,
    0.22255459167903294,
    0.22271184067630118,
    0.2225313770977893,
    0.22171022984644,
    0.2221377860393322,
    0.2220079729618266,
    0.22153491487566862,
    0.22250613275016345,
    0.2222921118968985,
    0.22207226155584972,
    0.22233583132218035,
    0.22203538591889913,
    0.2221015212539529,
    0.221784364441957,
    0.22247001991837878,
    0.22203650464527136,
    0.2214236974729862,
    0.22148278275459862,
    0.2222948493810116,
    0.22151636411367875,
    0.2214769161207224,
    0.22172375399452504,
    0.22192901585986055,
    0.22194397689775236,
    0.22213206162993562,
    0.22147144392807705,
    0.2218290297821903,
    0.2220243346311176,
    0.2222379186722219,
    0.22183564589837299,
    0.22188812066997976,
    0.2219696856707002,
    0.22147524212209974,
    0.22209269679044794,
    0.22138703092127746,
    0.22125378146233976,
    0.22262173573288765,
    0.221534862691826,
    0.22211332784634624,
    0.2217837324431848,
    0.2225327262495367,
    0.2230631014934364,
    0.22272340241385777,
    0.22283902332412422,
    0.2225698712910727,
    0.22270476280482127,
    0.22203700179234073,
    0.22230860042000614,
    0.22370979184816106,
    0.222824972342821,
    0.22249767616794686,
    0.2229283887137268,
    0.22204604021331806,
    0.2222804687977186,
    0.22319363504663967,
    0.22301002126310845,
    0.2228409241866993,
    0.22318782692644526,
    0.22281738023593453,
    0.2227532819006165,
    0.22225742614952945,
    0.22289643078167048
  ],
  "best_fitness": [
    0.21608547646860082,
    0.2184647038299188,
    0.2184647038299188,
    0.2184647038299188,
    0.22029572814304327,
    0.22029572814304327,
    0.22162941162161548,
    0.2220571548148885,
    0.22239668747146885,
    0.2225074349566312,
    0.22293820699271996,
    0.22293820699271996,
    0.22300778148255054,
    0.22315050842145495,
    0.22315050842145495,
    0.22323209874264247,
    0.2234801707553405,
    0.2234801707553405,
    0.2234801707553405,
    0.2234801707553405,
    0.22372556869536353,
    0.22372556869536353,
    0.22372556869536353,
    0.22372556869536353,
    0.22373508370372266,
    0.2238154617666157,
    0.2238154617666157,
    0.2238154617666157,
    0.2238154617666157,
    0.22381618529279362,
    0.22381618529279362,
    0.22385085181454545,
    0.22385085181454545,
    0.22393728756479503,
    0.22393728756479503,
    0.22393728756479503,
    0.2239728945358162,
    0.2239728945358162,
    0.2239972211789715,
    0.2239972211789715,
    0.2239972211789715,
    0.2239972211789715,
    0.2240376090865077,
    0.2240376090865077,
    0.2240376090865077,
    0.2240376090865077,
    0.2240376090865077,
    0.2240376090865077,
    0.2240376090865077,
    0.2240376090865077,
    0.2240376090865077,
    0.2240376090865077,
    0.2240376090865077,
    0.2240376090865077,
    0.22403975928703518,
    0.22403975928703518,
    0.22412024125346164,
    0.22416693088765915,
    0.22416693088765915,
    0.22416693088765915,
    0.2241816394423946,
    0.2241816394423946,
    0.2241816394423946,
    0.2241921501564078,
    0.2242151599084402,
    0.2242515979846764,
    0.2242515979846764,
    0.22425249452140092,
    0.22428650572208464,
    0.22428650572208464,
    0.22428650572208464,
    0.22428650572208464,
    0.22428650572208464,
    0.2242928055469696,
    0.2242928055469696,
    0.2242928055469696,
    0.2243058588531795,
    0.2243185312816365,
    0.2243185312816365,
    0.2243185312816365
  ]
}