{
  "mean_fitness": [
    0.21061273373920952,
    0.21083291115432287
  ],
  "best_fitness": [
    0.21103599522140304,
    0.21103599522140304
  ]
}