{
  "mean_fitness": [
    0.2084579825332598,
    0.21000266981908333
  ],
  "best_fitness": [
    0.20892813086883125,
    0.2122473960333811
  ]
}