{
  "mean_fitness": [
    0.20857861263380575,
    0.2110055277437332,
    0.21079707311654788,
    0.21065388216435257,
    0.21093757904611804,
    0.21225299666074662,
    0.21335136002742466,
    0.21272464615019998,
    0.21280893479119384,
    0.21124744575956078
  ],
  "best_fitness": [
    0.21234778858890221,
    0.21234778858890221,
    0.21234778858890221,
    0.21234778858890221,
    0.21234778858890221,
    0.21370600437056414,
    0.21370600437056414,
    0.21370600437056414,
    0.21370600437056414,
    0.21370600437056414
  ]
}