{
  "mean_fitness": [
    1.2748326767308407,
    1.2749343263696975,
    1.2756890211318022,
    1.2759459322386868,
    1.2765960004429127,
    1.276913447155479,
    1.276976826080869,
    1.2772915006542953,
    1.2774685683129416,
    1.2775202161893915,
    1.277530896363673,
    1.2775185503702382,
    1.2775654024524061,
    1.277570253551115,
    1.2775893015637354,
    1.277665972246492,
    1.2777275912904016,
    1.2778247905898596,
    1.2779913443618063,
    1.2780130591458183
  ],
  "best_fitness": 1.278084822661084
}