{
  "mean_fitness": [
    1.2750361702173147,
    1.2763331322979743,
    1.2766889074738152,
    1.2771947942933253,
    1.2772608404987165,
    1.2772756881963112,
    1.277409103988898,
    1.2774054667469503,
    1.2774602217980167,
    1.277633420979497,
    1.2776194923719792,
    1.2776799790036875,
    1.2775685178994975,
    1.2777053637926163,
    1.2778349299220868,
    1.2779107988170497,
    1.2778761985586955,
    1.2778432550672805,
    1.2779501045782289,
    1.2779153837801789
  ],
  "best_fitness": 1.2781103106324174
}