{
  "generations": {
    "gen0": 0.047478938185359906,
    "gen1": 0.12849937940880596,
    "gen2": 0.22119219360204323,
    "gen3": 0.22119219360204323,
    "gen4": 0.22119219360204323,
    "gen5": 0.22119219360204323,
    "gen6": 0.22119219360204323,
    "gen7": 0.22119219360204323,
    "gen8": 0.22119219360204323,
    "gen9": 0.22119219360204323
  },
  "metadata": {
    "total_generations": 10,
    "final_best": 0.22119219360204323,
    "final_mean": 0.22119219360204323,
    "final_worst": 0.22119219360204323
  },
  "weights": {
    "W1": [
      [
        0.33731649959394505,
        -0.5929207796865823,
        0.6200176945412543,
        0.7865820229833764,
        -0.28087799587271123,
        -0.19146888979894522,
        0.09316168523566648,
        -0.8560697683585985,
        -0.6293912875300467,
        0.24808261581571325,
        0.8219770003599451,
        0.28446475458375353
      ],
      [
        -0.007649061230765364,
        0.6648058177154477,
        0.140740138703223,
        -0.052534259843077136,
        -0.24630965544141714,
        0.47808078813926225,
        0.27624057881765807,
        -0.7242529272795337,
        -0.8656906420159629,
        -0.14497650227739367,
        -0.2477635461989507,
        -0.8582647656030593
      ],
      [
        -0.8437123875738326,
        0.4878857985821278,
        -0.4035460337860435,
        -0.7641450092388355,
        -0.5388529889065177,
        0.20297917039003988,
        -0.33816041018750553,
        -0.5519575503270657,
        0.881235037593491,
        0.8445466582201198,
        -0.4972363056178928,
        0.4065466278479277
      ],
      [
        -0.8640943635636191,
        0.742946671811685,
        0.9362296355973034,
        -0.8504457543131143,
        0.1507117486208438,
        0.7063904332780799,
        0.8636180998570822,
        9.401607870040962e-05,
        -0.20156068178050357,
        -0.8867036022850632,
        0.39503581660700404,
        -0.7782510581199451
      ],
      [
        -0.05804258678962482,
        0.501899141883784,
        -0.4738938562090398,
        -0.940043940659244,
        -0.3239095148234712,
        -0.4782377898616903,
        -0.3309175090785619,
        0.5294718304185861,
        -0.7214227437342211,
        0.09417469526473243,
        0.693934089460567,
        0.8483485245308988
      ],
      [
        0.32667225468634853,
        0.7565403589953259,
        -0.5287655965454114,
        -1.1403113484588376,
        0.8959951931812791,
        0.8086477310955777,
        0.40618166081612483,
        0.531148445717804,
        -0.9292758502685194,
        1.201700685687123,
        0.8998155655896689,
        0.1962952574981658
      ],
      [
        0.22486530139093963,
        -0.8388130234551634,
        0.10285050390320238,
        0.8932013530949439,
        -0.03320836530598631,
        -0.91651804590134,
        -0.9287998304278149,
        0.015208530802205633,
        0.715860761432308,
        -0.1369688737751158,
        -0.3931632968553629,
        0.6996670048899918
      ],
      [
        0.942931297835039,
        -0.9571134756319741,
        -0.8892869051344126,
        0.5472264853391431,
        0.6227263390447837,
        0.06837172222344412,
        0.7205889430550989,
        0.3638824326335648,
        0.47584714022420127,
        0.10499192002673952,
        -0.8957191648017648,
        0.7825922132462211
      ],
      [
        0.3908810634201376,
        -0.14056270269546234,
        -0.1463328369029624,
        -0.7083985457054192,
        -0.12409429076325074,
        0.7942934575029192,
        1.589299665158605,
        -0.26458265853242446,
        -0.6127087422739621,
        -0.12695033970372993,
        -0.9048813609195804,
        -0.5359331504703939
      ],
      [
        0.17723494783117832,
        -0.5457482276400107,
        0.4949513785923876,
        0.7766706765850637,
        0.5863616844448085,
        0.13609722324877538,
        0.9818774730230435,
        -0.970202880006197,
        0.4396536983538031,
        0.7337280283267668,
        -0.8467766485116692,
        -0.7465682113385814
      ],
      [
        -0.8253795028999693,
        -1.0056573009170258,
        -0.3006650715706347,
        0.310417903817068,
        -0.5115113109634994,
        -0.41517455682581317,
        0.21224769052592873,
        -0.04259726915385098,
        -0.4108538949043353,
        -0.9965852109910278,
        -0.4996022889260927,
        0.30469642043135536
      ],
      [
        -0.010141496281993678,
        0.4704372557017926,
        -0.28608337197243916,
        0.8302017280274652,
        -0.557272770343221,
        0.4262677178191976,
        0.8828539753993396,
        0.5604168109805261,
        -0.41463317172272607,
        0.30728774136611503,
        0.05368837554720751,
        -0.4649295014313022
      ],
      [
        0.39554337473838275,
        0.006890805130871591,
        -0.8920049317682468,
        0.8008507551377095,
        0.4110033504748858,
        0.24374356100272676,
        -0.18456518772940028,
        -0.592890129803878,
        -0.7257370227362909,
        0.951876811996027,
        -0.5389281465867282,
        0.48381731738098943
      ],
      [
        -0.5784607362337701,
        -0.255220029876966,
        0.6327594189038881,
        -0.7160775358100584,
        1.2823326881069679,
        0.3966838783067077,
        0.299816172781467,
        -0.09247402916781655,
        -0.7715227302716725,
        -0.002185019309443259,
        -0.9324876327768181,
        -0.7278634873911145
      ],
      [
        -0.2316466823158736,
        0.6543577010198902,
        -0.8310134103935951,
        -0.4418150357220436,
        0.22506011511287033,
        -0.009285002665989639,
        0.9251910957649964,
        -0.23067350023955502,
        -0.9111688997678691,
        -0.5885397586326753,
        -0.6311464062344181,
        -0.13783007066708897
      ],
      [
        -0.8954806974470251,
        -0.38970385445198286,
        0.0830983335226223,
        -0.3043909231241959,
        -0.9480157954982817,
        -0.03415919440142434,
        0.7863387217554194,
        1.1688445097536686,
        0.6276712463175594,
        0.6204873733716958,
        0.18191725338316167,
        0.854114524042372
      ]
    ],