{
  "generations": {
    "gen0": 0.013421393021877106,
    "gen1": 0.023772439072721578,
    "gen2": 0.023772439072721578,
    "gen3": 0.023772439072721578,
    "gen4": 0.023772439072721578,
    "gen5": 0.023772439072721578,
    "gen6": 0.023772439072721578,
    "gen7": 0.025310291587257047,
    "gen8": 0.025310291587257047,
    "gen9": 0.025310291587257047,
    "gen10": 0.025310291587257047,
    "gen11": 0.025310291587257047,
    "gen12": 0.025310291587257047,
    "gen13": 0.025310291587257047,
    "gen14": 0.025310291587257047
  },
  "metadata": {
    "total_generations": 15,
    "final_best": 0.025310291587257047,
    "final_mean": 0.025310291587257054,
    "final_worst": 0.025310291587257047
  },
  "weights": {
    "W1": [
      [
        -0.4543304007518076,
        0.7527800258594755,
        0.5935155467239215,
        0.7686828608869098,
        0.2989028255779145,
        0.8962184343184543,
        0.8462247037668522,
        0.43423154078944476,
        -0.17311618866659284,
        0.813689561023959,
        0.09589803455800228,
        -0.6034675946565993
      ],
      [
        0.4025223084066938,
        -0.31857168364169985,
        0.6278314097830631,
        -0.14219326376329766,
        -0.47968444005770694,
        -0.12929258395416765,
        0.5746535411805038,
        0.0890537603815369,
        -0.5276913617091559,
        0.43716684767362013,
        0.10566133058394375,
        0.839978097800685
      ],
      [
        -0.09258426983270884,
        -0.02673938700075662,
        0.18432627016418413,
        -0.07418313137623533,
        0.11017540242752277,
        0.7131818869122071,
        0.5642438868612474,
        -0.024149116629592016,
        -0.011663684516049821,
        -0.7396013374431643,
        0.6281334399641365,
        0.2001655729944496
      ],
      [
        0.9904148999465836,
        -0.0114097052069142,
        0.3543773023689265,
        -0.8189339903352892,
        0.6340671798425426,
        0.7745230731482489,
        -0.419614076970098,
        0.2722656400477792,
        0.2353604801144702,
        0.8146564699458771,
        -0.7015671364519833,
        0.06251164215062932
      ],
      [
        -0.08367177716286966,
        -0.9793595154750108,
        -1.3328289327687122,
        0.36303357597329233,
        -0.36680456549323615,
        -0.05437578393894865,
        1.2049925775072388,
        -0.39089973392335153,
        0.8866665949922274,
        -0.4875488121352254,
        -0.8094411558359866,
        -0.3114707471387199
      ],
      [
        -0.33427491886817506,
        -0.983761495180566,
        0.8164530747279775,
        -0.1916051678711661,
        0.8786438803492715,
        0.9344196886159255,
        0.21287658784739677,
        0.49648368075270866,
        -0.9089762567674968,
        -0.4926862343468965,
        0.23931575389113524,
        -0.28151073888393774
      ],
      [
        -0.21060637129452808,
        0.7313592736599555,
        0.9361156209144881,
        0.40444376454001474,
        -0.21146335266211191,
        -0.3637453807626121,
        0.007493443680402834,
        -0.23686990983501022,
        0.09023757593655679,
        -0.6265597877402842,
        -0.39088247163236783,
        -0.623546323844469
      ],
      [
        -0.7164085319577753,
        -0.7663158876706719,
        -0.9116756770235808,
        -0.7691980793785831,
        0.7433591183032315,
        0.3401321638457351,
        0.2149223919549096,
        0.8524740849448147,
        -0.9685844012499469,
        0.4426784647239548,
        -0.026597326130767263,
        -0.12652976848222286
      ],
      [
        0.9804352840151749,
        -0.373979368272791,
        0.7853436196593018,
        0.22597470546250775,
        -0.08794269124295617,
        0.5273508273072645,
        0.20885902539359047,
        0.7060673225351095,
        -0.6404052458048708,
        0.5964403665064215,
        0.10410006076203904,
        -0.7027583859180337
      ],
      [
        -0.5402789088615578,
        -0.6284179326180839,
        0.2091465146456657,
        0.4119257251491075,
        0.6936077733473982,
        -0.5265000654439629,
        0.8544126822786149,
        -0.918416582919364,
        -0.28695976750823005,
        0.4180582845338361,
        0.9564668988863383,
        -0.01402289997799877
      ],
      [
        0.6916767018998258,
        0.7337586007722274,
        -0.75269153193229,
        0.3809945297250614,
        -0.7158250401886483,
        0.16559098689098412,
        -0.663409996778717,
        0.01747552786129347,
        -0.45441689248014416,
        1.2872939962331509,
        -1.2340787260593844,
        0.16709478196508498
      ],
      [
        0.9432547093052523,
        0.052030813199991366,
        0.48337222134674973,
        -0.16716201722006208,
        -0.8463290744102385,
        0.2673753282308162,
        0.5961964812819427,
        -0.3750005571091308,
        -0.8944514557184984,
        -0.3129076579953245,
        0.36127881887541613,
        -0.06226237931795775
      ],
      [
        0.025326220781431763,
        -0.061535215765754936,
        -0.006654354488431546,
        -0.1579677857024293,
        -0.837873526510102,
        0.5964464440139821,
        0.3190786463000639,
        -0.9293475196502932,
        0.8457290321236328,
        0.49885055875883744,
        -0.9883892785098118,
        0.12741254658167267
      ],
      [
        -0.8771644736930722,
        -0.05367893609194341,
        -0.35016906339796794,
        0.46309043466778244,
        0.9807296587788046,
        0.6177915593591343,
        0.24863401096013305,
        -0.577266277920025,
        -0.9291411855682821,
        0.011192218614552107,
        -0.35365830662627573,
        -0.44430240613146177
      ],
      [
        -0.7349224743873215,
        -0.4380561370370224,
        0.7157167681598025,
        -0.9715939798738187,
        -0.6439783984410745,
        0.9300986196231467,
        0.18354025094162263,
        -0.8412597616210321,
        0.704691666487198,
        -0.674118632249491,
        0.09133734344878502,
        -0.4301282220010758
      ],
      [
        -0.030162972497803198,
        0.5987440128235346,
        0.7240288560552972,
        -0.19593637557102606,
        -0.8311970685817953,
        -0.7098594964214551,
        -0.5111915013215752,
        0.3699238837288856,
        -0.7374266630553565,
        0.33104059243368344,
        0.5407355782861558,
        0.025306451318729772
      ]
    ],