{
  "generations": {
    "gen0": 0.060991917926359634,
    "gen1": 0.13464755572121212,
    "gen2": 0.13464755572121212,
    "gen3": 0.17143533899768798,
    "gen4": 0.18938224399343107,
    "gen5": 0.23918467756568176,
    "gen6": 0.2632425977017022,
    "gen7": 0.38586635835840855,
    "gen8": 0.38586635835840855,
    "gen9": 0.4002919462725309,
    "gen10": 0.4044017241527973,
    "gen11": 0.4079823982660383,
    "gen12": 0.40965740204106893,
    "gen13": 0.40965740204106893,
    "gen14": 0.40965740204106893,
    "gen15": 0.40965740204106893,
    "gen16": 0.40965740204106893,
    "gen17": 0.40965740204106893,
    "gen18": 0.40965740204106893,
    "gen19": 0.40965740204106893
  },
  "metadata": {
    "total_generations": 20,
    "final_best": 0.40965740204106893,
    "final_mean": 0.409657402041069,
    "final_worst": 0.40965740204106893
  },
  "weights": {
    "W1": [
      [
        -0.4714354998051087,
        0.8649703353911369,
        0.6590296264675424,
        0.001157527664745528,
        -0.954529860656278,
        -0.6632403852771342,
        -0.6596889408094928,
        -0.4323931683907572,
        0.11638004228470278,
        -0.34228389134958886,
        -0.198531240034377,
        0.23502243969970982
      ],
      [
        -0.7346686578662212,
        -0.3194133867730209,
        -0.2842421276134417,
        0.3310243381535427,
        0.9200700138999669,
        -0.4632280509963496,
        0.7668408232892352,
        -0.3329129273214966,
        0.2714570470550801,
        0.6309225360236606,
        0.5525246238982704,
        -0.6249000952742576
      ],
      [
        0.43918415482583717,
        -0.8812566782575382,
        -0.5779849646500059,
        -0.7655091723617031,
        0.028900532171542204,
        -0.5622578598508585,
        -0.05374542186361629,
        0.6503347383930447,
        -0.9945184210649378,
        0.7309084324664965,
        -0.42467449204086916,
        -0.38572602312354454
      ],
      [
        0.9528662166739288,
        -0.7507023855014987,
        -0.6192256030700547,
        -0.5665870627423595,
        0.5602789169199458,
        0.955631689945023,
        0.47422764261412853,
        -0.8396938028076948,
        0.1712044684855656,
        -0.6624539858780929,
        0.1576130438301364,
        -0.9044287481777202
      ],
      [
        -0.29927387820746243,
        -0.5678207142579637,
        0.21447708314133732,
        -0.29466249452030513,
        0.591628829593781,
        0.8676524257008662,
        0.46250496912299455,
        0.8562268910260376,
        0.977714140711363,
        0.3054008647285151,
        0.9187996255250803,
        0.03603407141024352
      ],
      [
        0.5209580846421722,
        0.7616237726849331,
        0.2047306814770565,
        -1.001919460633618,
        -0.7860926934874508,
        -0.5873331062931642,
        -0.5086322438410205,
        0.6679157191735048,
        -0.4250529770593108,
        0.7376022840851071,
        0.18804329650766638,
        -0.18987231879923364
      ],
      [
        0.21096907112249208,
        0.3102485152707315,
        -0.21116201325892026,
        0.42206965697343674,
        -0.11323195636633865,
        -0.7312422482682863,
        -0.7637837591950134,
        0.46909594282131484,
        0.6620883031465874,
        0.46245705614655064,
        -0.02017333375046393,
        0.9257461068140334
      ],
      [
        -0.02258624558392089,
        -0.6115893843008349,
        0.7494665059826391,
        0.6719077420985746,
        0.7532861249891736,
        -0.9818434975631408,
        -0.6455667831970491,
        -1.0318021048303225,
        -0.5923202423244067,
        -0.8311956141155836,
        -0.5421834204729594,
        -0.2585289215592217
      ],
      [
        -0.18001660196161226,
        0.5381071271563711,
        -0.7310624396752998,
        0.17722318387923175,
        -0.8694099398481183,
        -0.8263130046481237,
        0.3614906210766049,
        0.9889353829472505,
        -0.9061860175873813,
        0.8919350214592028,
        0.9301810863802982,
        0.8763887658188403
      ],
      [
        -0.7128676703363124,
        -0.15471126027665508,
        0.5597717286289581,
        -0.7069116553649151,
        -0.19953344597075473,
        0.8469377560181519,
        -0.9954970720988985,
        0.9061908936691664,
        -0.6938298310886244,
        0.9512329166520601,
        0.740616785433875,
        0.06901792277917118
      ],
      [
        -0.5632227255595992,
        -0.6815657006771993,
        0.8787858985958781,
        0.35749424805418695,
        0.14488581308073423,
        -0.543461658611464,
        -0.19257052212507197,
        0.9777467466485845,
        -0.8197365634934175,
        0.3734949866668671,
        0.05226538049724228,
        0.6639621559739945
      ],
      [
        -0.2035933509918464,
        -0.588827997698802,
        0.8627432518595193,
        0.7117003144859391,
        -0.17926680870851586,
        -1.3897860566771614,
        0.8737131922329098,
        0.234436322137344,
        0.9893272210676805,
        -0.8424725238987408,
        -0.12945434004559697,
        -0.14963584190075316
      ],
      [
        0.37927555694709003,
        0.10774477451631648,
        0.21792253169205233,
        -0.9970789629069083,
        -0.4245891404702635,
        0.8307863734493524,
        -0.20090708111914418,
        -0.6426457693588434,
        -0.9244237266350916,
        0.7895193604880792,
        0.04671779814380761,
        0.2576940864615689
      ],
      [
        0.07420121546843875,
        0.8371728323705772,
        0.16609352256437426,
        0.9500186699507971,
        -0.5831435205036535,
        -0.49798428111664705,
        -0.41536502271800124,
        -0.35056988826686997,
        -0.9099942025722645,
        1.142311504732555,
        0.5178530550176967,
        -1.0776643270084598
      ],
      [
        0.21695850975968073,
        -0.13835361663249457,
        0.02319411263583615,
        0.37945859247845815,
        -0.7936151688522257,
        0.7918506136088928,
        0.1725422431794515,
        0.020190974703883313,
        -0.6224287275607061,
        -0.4004405334989247,
        -0.6344957643572038,
        -0.8547920718399413
      ],
      [
        0.35429515322061966,
        0.9518545351709136,
        -0.3846950938312903,
        0.5429912547367675,
        -0.844461176267528,
        -0.6169801481692376,
        -0.8062876308468601,
        0.18227910606431225,
        0.5618095894938873,
        0.5922611385043057,
        0.001966324804942632,
        -0.22255764048398308
      ]
    ],