{
  "generations": {
    "gen0": 0.023248609231439413,
    "gen1": 0.023306703657731766,
    "gen2": 0.023306703657731766,
    "gen3": 0.023306703657731766,
    "gen4": 0.023306703657731766,
    "gen5": 0.023306703657731766,
    "gen6": 0.023306703657731766,
    "gen7": 0.023306703657731766,
    "gen8": 0.023306703657731766
  },
  "metadata": {
    "total_generations": 9,
    "final_best": 0.023306703657731766,
    "final_mean": 0.023306703657731763,
    "final_worst": 0.023306703657731766
  },
  "weights": {
    "W1": [
      [
        -0.7941355793820921,
        0.42280478514401154,
        0.12238094054199022,
        -0.34826054340377666,
        -0.9541644803917217,
        -0.6632403852771342,
        0.06549113185666267,
        -0.198367050431133,
        -0.17311618866659284,
        0.2616777541078361,
        0.09589803455800228,
        0.9477834624405899
      ],
      [
        -0.09318832894055662,
        -0.31857168364169985,
        0.6278314097830631,
        -0.6817572924190716,
        0.2505592851012501,
        0.06177185800924545,
        0.30743177208952915,
        0.1225665837503404,
        -0.5276913617091559,
        0.5893220265187511,
        -0.8442111948226834,
        0.9227314717391821
      ],
      [
        0.1483765816203979,
        -0.22580125343975355,
        -0.6755952812606729,
        -0.07418313137623533,
        0.46592783794488907,
        -0.5939518818425242,
        -0.7629691150814362,
        0.9117668927579179,
        -0.8607847303411487,
        -0.2662150203308047,
        0.11436009235379241,
        -0.2628511940115841
      ],
      [
        0.7122799588675452,
        0.6828692103879519,
        0.32032951804223986,
        -0.0789908475570873,
        0.5062858444007179,
        0.7745230731482489,
        -0.18891007317994002,
        0.40085241785647296,
        -0.49412757618278325,
        -0.7436179283765554,
        -0.7015671364519833,
        0.28164111942356995
      ],
      [
        -0.22003467953842648,
        0.15586282979190003,
        -0.6086667596450199,
        0.5261341301086928,
        -0.36680456549323615,
        0.14055281571070322,
        0.17211216050827272,
        -0.39089973392335153,
        0.8866665949922274,
        -0.13054593327952602,
        0.4993363610475206,
        -0.3114707471387199
      ],
      [
        -0.550560540444361,
        0.9766465791992144,
        0.9728432969812135,
        -0.8250495314562389,
        -0.7448886058851305,
        -0.411630674266658,
        -0.2615542128521846,
        0.09777027320712084,
        -0.8937453776472315,
        0.40670824885413426,
        0.6415065672799383,
        -0.28151073888393774
      ],
      [
        -0.7062838933508633,
        0.7313592736599555,
        0.02705959352291043,
        -0.596902119252738,
        -0.21146335266211191,
        -0.5864370705304887,
        -0.2344207703168295,
        0.7399021486320643,
        0.09023757593655679,
        0.32460710768056655,
        0.3583556043310028,
        -0.623546323844469
      ],
      [
        -0.2308098846178106,
        0.8699130948497182,
        0.6799253734534307,
        -0.01401537732566105,
        0.9726573615389844,
        0.3401321638457351,
        0.4966486313752474,
        -0.8565080069245512,
        -0.5923202423244067,
        0.4426784647239548,
        -0.026597326130767263,
        -0.12652976848222286
      ],
      [
        -0.6458798434413631,
        -0.8306731114205679,
        0.2844857991627099,
        0.3653965649048425,
        -0.08794269124295617,
        -0.09114188927646016,
        -0.3223290472477982,
        -0.6842753849782077,
        -0.6404052458048708,
        0.018829828860233322,
        0.10410006076203904,
        0.9270163534670308
      ],
      [
        -0.46072101353916106,
        -0.6266820149278132,
        -0.12374141954173834,
        0.15587700155611262,
        0.6936077733473982,
        -0.5265000654439629,
        -0.30393640382355425,
        0.9729862354474565,
        0.09233252072859321,
        0.6178336246240783,
        -0.7106156630840244,
        -0.8426288410066691
      ],
      [
        0.6689076627171686,
        -0.7736712607701306,
        0.0580039992855228,
        0.3809945297250614,
        -0.7158250401886483,
        0.462586366033674,
        0.9671581962607898,
        0.9673367552545995,
        0.5577396345052177,
        -0.07012734536901788,
        0.12743097059636566,
        0.7798309566091091
      ],
      [
        -0.9490831536741945,
        -0.09293718037938148,
        0.17365303206602234,
        0.9208220939147045,
        -0.8438361632216869,
        0.8488613446044819,
        0.5961964812819427,
        -0.3750005571091308,
        0.2714556654617719,
        -0.3129076579953245,
        0.557054266494265,
        -0.5201416695626657
      ],
      [
        0.37927555694709003,
        0.5718825777252061,
        0.1359021267488041,
        -0.1579677857024293,
        0.9211626049542503,
        0.5964464440139821,
        -0.4215831135584689,
        0.7455535394502544,
        0.8457290321236328,
        0.6091863851538533,
        -0.43928560426126184,
        0.2576940864615689
      ],
      [
        -0.31348490289523157,
        0.9213079750772166,
        0.13043134754928953,
        -0.8967602304172535,
        0.9807296587788046,
        0.24923844927949812,
        0.24863401096013305,
        -0.42636869125425547,
        -0.8349796663698357,
        0.011192218614552107,
        -0.31661902091853666,
        -0.44430240613146177
      ],
      [
        0.19188909445100077,
        -0.35380699058581344,
        0.8799027706863836,
        0.1514331606222219,
        -0.776901191416062,
        -0.6507723046819645,
        -0.6365522874468317,
        0.7331031120401135,
        -0.5900812973516751,
        0.6156813826471472,
        0.9919121077450419,
        -0.7265822702706259
      ],
      [
        -0.030162972497803198,
        0.5987440128235346,
        -0.11743764998866668,
        -0.31430400931728397,
        -0.23038807328731115,
        -0.7098594964214551,
        -0.428169547727121,
        0.9953924964025296,
        0.9073138872500048,
        -0.18172363757673726,
        0.5407355782861558,
        -0.4550940616938501
      ]
    ],