{
  "generations": {
    "gen0": 0.012935984287527237,
    "gen1": 0.02329086403897259,
    "gen2": 0.023389868860754608,
    "gen3": 0.023389868860754608,
    "gen4": 0.023389868860754608,
    "gen5": 0.023389868860754608,
    "gen6": 0.023389868860754608,
    "gen7": 0.023389868860754608,
    "gen8": 0.023389868860754608,
    "gen9": 0.023389868860754608
  },
  "metadata": {
    "total_generations": 10,
    "final_best": 0.023389868860754608,
    "final_mean": 0.023389868860754608,
    "final_worst": 0.023389868860754608
  },
  "weights": {
    "W1": [
      [
        -0.7941355793820921,
        0.6351057844500703,
        0.5935155467239215,
        0.5882142372068131,
        0.2989028255779145,
        0.5848618790822941,
        0.06549113185666267,
        -0.198367050431133,
        -0.17311618866659284,
        0.2417496777130821,
        0.09589803455800228,
        0.9477834624405899
      ],
      [
        -0.23236708244592053,
        -0.31857168364169985,
        0.6278314097830631,
        0.1819403980843497,
        0.5686279532343927,
        -0.12929258395416765,
        0.5746535411805038,
        0.04595024697590966,
        -0.45337117349072176,
        0.3252245138526737,
        -0.8442111948226834,
        -0.6249000952742576
      ],
      [
        0.1483765816203979,
        -0.02673938700075662,
        -0.5779849646500059,
        -0.07418313137623533,
        0.11017540242752277,
        0.6440461046280894,
        -0.3114642629592046,
        0.9117668927579179,
        -0.8607847303411487,
        -0.7825107323302527,
        0.6281334399641365,
        0.5426867577413577
      ],
      [
        -0.24217797327923418,
        -0.0114097052069142,
        0.32032951804223986,
        0.29667522915089006,
        0.6340671798425426,
        0.7745230731482489,
        0.8065120094267801,
        0.2722656400477792,
        -0.999631319089566,
        -0.7065492918956073,
        -0.6312841353647973,
        0.06251164215062932
      ],
      [
        -0.22003467953842648,
        0.15586282979190003,
        -0.6086667596450199,
        0.36303357597329233,
        -0.36680456549323615,
        0.14055281571070322,
        0.8264085304671365,
        -0.39089973392335153,
        0.8866665949922274,
        -0.13054593327952602,
        0.9651606070267842,
        -0.3114707471387199
      ],
      [
        -0.8214251908253585,
        -0.983761495180566,
        0.9728432969812135,
        -0.1916051678711661,
        -0.7448886058851305,
        -0.411630674266658,
        -0.2615542128521846,
        0.09777027320712084,
        -0.8937453776472315,
        0.40670824885413426,
        0.6415065672799383,
        -0.28151073888393774
      ],
      [
        0.7224956792922204,
        0.7313592736599555,
        -0.5295176590723472,
        0.40444376454001474,
        0.27010314383976874,
        -0.3637453807626121,
        -0.2344207703168295,
        -0.23686990983501022,
        0.09023757593655679,
        0.3249751206250504,
        -0.050257174088524925,
        -0.623546323844469
      ],
      [
        -0.2308098846178106,
        0.8489640855832081,
        0.6799253734534307,
        -0.6914654182125499,
        0.9949120860209417,
        0.3401321638457351,
        -0.7314451037108489,
        -0.8565080069245512,
        -0.5923202423244067,
        0.4426784647239548,
        -0.026597326130767263,
        -0.12652976848222286
      ],
      [
        0.9804352840151749,
        -0.8306731114205679,
        0.2844857991627099,
        -0.16828906744490935,
        -0.08794269124295617,
        0.5778568490652816,
        0.20885902539359047,
        -0.1485916581265856,
        -0.6404052458048708,
        0.018829828860233322,
        0.10410006076203904,
        -0.09990846537478704
      ],
      [
        -0.28938553890971974,
        -0.6284179326180839,
        0.2091465146456657,
        -0.7330265340634321,
        0.6936077733473982,
        0.2904407156393314,
        0.003457609850919807,
        -0.17832437267058432,
        0.09233252072859321,
        -0.2660599494954665,
        0.9564668988863383,
        0.1362991554031987
      ],
      [
        0.4097650851097494,
        -0.7736712607701306,
        -0.03693418261799608,
        0.3809945297250614,
        -0.7158250401886483,
        0.462586366033674,
        0.9671581962607898,
        0.9673367552545995,
        0.5577396345052177,
        -0.07012734536901788,
        0.7975513381185133,
        -0.49580246493652247
      ],
      [
        -0.8231072985346422,
        -0.05509685530270869,
        0.48337222134674973,
        0.9208220939147045,
        -0.8438361632216869,
        0.8488613446044819,
        0.5961964812819427,
        -0.3750005571091308,
        -0.8944514557184984,
        -0.9932583250240044,
        0.557054266494265,
        -0.06226237931795775
      ],
      [
        0.37927555694709003,
        -0.061535215765754936,
        0.46762909489145854,
        -0.1579677857024293,
        0.9211626049542503,
        0.5964464440139821,
        -0.4215831135584689,
        0.5283244315512281,
        0.8457290321236328,
        0.49885055875883744,
        0.17238471209208228,
        0.12741254658167267
      ],
      [
        -0.8771644736930722,
        -0.05367893609194341,
        0.13043134754928953,
        -0.8967602304172535,
        0.9807296587788046,
        0.6177915593591343,
        0.24863401096013305,
        -0.42636869125425547,
        -0.8349796663698357,
        0.011192218614552107,
        0.7028905121052684,
        -0.44430240613146177
      ],
      [
        -0.013698902315234074,
        -0.4380561370370224,
        0.7157167681598025,
        -0.9715939798738187,
        -0.776901191416062,
        -0.6507723046819645,
        0.18354025094162263,
        -0.6977287730700428,
        -0.10669366464366292,
        0.6156813826471472,
        -0.47749482419300526,
        0.40154974514537867
      ],
      [
        -0.030162972497803198,
        0.5987440128235346,
        0.7240288560552972,
        -0.31430400931728397,
        -0.8311970685817953,
        -0.7098594964214551,
        0.867883709396776,
        -0.6916994029639034,
        -0.008103448856453754,
        0.9871711494467834,
        0.5407355782861558,
        -0.5241051217814194
      ]
    ],