{
  "generations": {
    "gen0": 0.11879938866748863,
    "gen1": 0.11879938866748863,
    "gen2": 0.16450748815036315,
    "gen3": 0.22748259357122153,
    "gen4": 0.22748259357122153,
    "gen5": 0.274068840902199,
    "gen6": 0.4695779985159242,
    "gen7": 0.4695779985159242,
    "gen8": 0.4803993499698668,
    "gen9": 0.5538183531329872,
    "gen10": 0.7250168962050867,
    "gen11": 0.7250168962050867,
    "gen12": 0.7277667855283233,
    "gen13": 0.7277667855283233,
    "gen14": 0.7277667855283233,
    "gen15": 0.7277667855283233,
    "gen16": 0.7277667855283233,
    "gen17": 0.7277667855283233,
    "gen18": 0.7277667855283233,
    "gen19": 0.7277667855283233
  },
  "metadata": {
    "total_generations": 20,
    "final_best": 0.7277667855283233,
    "final_mean": 0.7277667855283234,
    "final_worst": 0.7277667855283233
  },
  "weights": {
    "W1": [
      [
        -0.6555000502041857,
        -0.49179479100714185,
        0.8335795353356887,
        0.9110230111996003,
        -0.4766944756822651,
        -0.14500504652429824,
        0.6406495637694897,
        -0.5794679698430116,
        0.07016043184709808,
        -0.27673647271940083,
        0.39487230143387975,
        0.20553481011898933
      ],
      [
        -0.5651146106371814,
        0.40915360725340566,
        0.10494212965895433,
        -0.9688608103724274,
        0.372480819387897,
        0.511303527807419,
        0.6009061146680559,
        0.3390362161472227,
        -0.5181528680972847,
        0.19151283984382217,
        -1.1645529317828047,
        -0.907005046191226
      ],
      [
        0.004678450710957183,
        0.6817788175979649,
        0.7482669284770886,
        0.47068228402728685,
        0.06762707905250731,
        0.13617587386501606,
        -0.14883008616906435,
        0.17265168618699578,
        0.028984930759835326,
        -0.6899928914785503,
        0.7734496260335173,
        0.3811998307533626
      ],
      [
        -0.8781582667518402,
        0.7260357796422845,
        -0.3709958421999089,
        0.15755034540709212,
        -0.7343101972712511,
        -0.041317446460513496,
        -0.45151829958341017,
        -0.10117172180080813,
        -0.7249394170374706,
        -0.24631566952837725,
        -0.9271416245367554,
        -0.8209165653311032
      ],
      [
        0.45779877880954256,
        0.1964347294039579,
        0.4953979844377472,
        -0.23732297553907933,
        -0.4947335395957597,
        -0.46440076631007843,
        0.8091171265205008,
        0.6632831030599333,
        0.2973949644920848,
        0.18478578998938877,
        -0.6745319288750968,
        -0.5290683472414739
      ],
      [
        0.13602634954972226,
        -0.7935933150209804,
        0.951571823846245,
        0.9706610239456794,
        0.31906195804038084,
        -6.164565557909008e-05,
        -0.21620565772130185,
        0.6338227861689978,
        0.8874029201502132,
        0.13316248670354858,
        0.966810869759358,
        0.03416220645508261
      ],
      [
        -0.05364464774874833,
        -0.9434660400432822,
        0.1561481290615474,
        0.8482460709227788,
        -0.6644335069402207,
        -0.7577468299153136,
        -0.030609454779637946,
        -0.9701943369937798,
        -0.5399611119072267,
        0.7779273242073148,
        -0.9674451043750234,
        0.3833299357000224
      ],
      [
        -0.22812036482529163,
        -0.1320589575260518,
        -0.7707713388605475,
        0.8200815026432346,
        0.015846369285509754,
        0.2627581744919194,
        0.342946065483029,
        0.1162168222598785,
        0.6040763359775445,
        -0.03830710478326749,
        -0.22753234026279,
        -0.9775918342509713
      ],
      [
        -0.8327771899427494,
        -0.4090565861858304,
        -0.2546573075098413,
        0.5937191708824108,
        -0.4224722227199105,
        0.8345383513645221,
        -0.5295363977888068,
        0.10606503917817744,
        0.85711235283799,
        0.299751285373697,
        0.2823065659911237,
        -0.829895234262457
      ],
      [
        0.020669501351075592,
        -0.905270639268029,
        -0.034824307615107575,
        -0.15771967495920713,
        0.5021502787833565,
        0.7124290995349207,
        0.2830290516950591,
        -0.6100251776745642,
        -0.38133996116119584,
        0.7327091393238603,
        0.1774031865059169,
        0.6641150515717447
      ],
      [
        0.5802109703072629,
        -0.9302615820817663,
        -0.6028885136047715,
        -0.5484704510188536,
        -0.9661966047131412,
        0.670602154010487,
        -0.19144459193945984,
        -0.6352411508037403,
        -0.25988343630180166,
        0.6311607104383066,
        0.8869168211433882,
        0.9049937537639512
      ],
      [
        0.17665258615001145,
        -0.12493025013668624,
        -0.8509342472045505,
        -0.960909680978367,
        0.37806321749206173,
        -0.12817668269796934,
        0.9448882177008209,
        0.33688392326137495,
        -0.15583639936637073,
        -1.7992711778168236,
        -0.973916174397065,
        0.29460967172663466
      ],
      [
        0.8322797472919292,
        -0.40181836683297556,
        -0.8269165052628702,
        -0.8194074525821262,
        0.6814469231934712,
        0.9862350812941214,
        -0.5504090936961539,
        -0.43561492857954454,
        0.6155257142636319,
        0.08330768829481316,
        -0.5093577156467295,
        0.22823700037516503
      ],
      [
        0.8447896527693846,
        0.1829625706205451,
        0.5448518487604521,
        -0.061132445306216754,
        0.04558549247943655,
        -0.9699112122165525,
        0.5460111582532201,
        0.5204175739682813,
        -0.14020698637231566,
        0.09646952453705793,
        -0.4115978098815518,
        -0.7183465752315426
      ],
      [
        0.06859166511320458,
        0.13493610269727863,
        0.2436601579972566,
        -0.6813887746868392,
        0.21386649398674562,
        0.5731521089453605,
        0.05590896657228228,
        0.07987122883571729,
        0.11606013112397173,
        -0.3725165066113011,
        0.270558142151724,
        -0.7633734424042937
      ],
      [
        0.05827724926183375,
        0.3642563918294286,
        0.2816774321391442,
        0.6352489358496018,
        -0.8547043001043146,
        -0.9387302492410579,
        0.6057015000486656,
        -0.14249136774822957,
        -0.2739573053488986,
        0.6877859097351784,
        0.1386993893157047,
        0.7935843672909522
      ],
      [
        -0.9532527373252295,
        0.1894031947366528,
        -0.7469916042346219,
        0.8865360332574765,
        0.119855298922392,
        0.7623590484491316,
        0.5280010251440277,
        -0.28298661925566027,
        0.6985402548818627,
        0.2621194798048827,
        0.15462445555728377,
        0.6620740275484587
      ],
      [
        -1.144020147574683,
        -1.143564021440689,
        0.9555557232895389,
        0.10659204207033768,
        -0.9883112794004021,
        0.8872162100732162,
        1.2713015946295094,
        -0.7302401809248455,
        -0.7215995797403876,
        -0.85432067835383,
        -0.07802897153486454,
        -0.32877119614933803
      ],
      [
        -0.3712908331824032,
        0.9146738218930146,
        -0.07885871102425623,
        -0.08616369529385381,
        0.41213268176037565,
        0.3419284186952294,
        -0.7240605132538416,
        -0.4064042808846151,
        0.2042463598382207,
        0.3321667348958824,
        -0.8068560132114491,
        0.34594854410342335
      ],
      [
        0.6695713645962034,
        0.10285163141270615,
        -0.47161511956776037,
        0.21710334290221467,
        0.18444124464411926,
        0.8799307664896663,
        -0.12851509055091248,
        -0.6459476923537435,
        -0.7181734501844863,
