{
  "generations": {
    "gen0": 0.05041133023682483,
    "gen1": 0.05788033145182603,
    "gen2": 0.07935305550088464,
    "gen3": 0.07935305550088464,
    "gen4": 0.07935305550088464,
    "gen5": 0.12368921739590723,
    "gen6": 0.15228657619986527,
    "gen7": 0.18627549066263044,
    "gen8": 0.2858675075648481,
    "gen9": 0.2858675075648481,
    "gen10": 0.2858675075648481,
    "gen11": 0.2858675075648481,
    "gen12": 0.2858675075648481,
    "gen13": 0.2858675075648481,
    "gen14": 0.2858675075648481,
    "gen15": 0.2858675075648481
  },
  "metadata": {
    "total_generations": 16,
    "final_best": 0.2858675075648481,
    "final_mean": 0.28586750756484813,
    "final_worst": 0.2858675075648481
  },
  "weights": {
    "W1": [
      [
        0.9034288139723139,
        -0.15573958206614558,
        0.6438106374095407,
        0.6364446351257103,
        -0.11045424816026217,
        0.2694804814922127,
        0.6722045058247688,
        0.04950139570235293,
        -0.3153129507561405,
        0.4445666273387143,
        0.740194873515291,
        -0.18783016761661986
      ],
      [
        0.5695419186646822,
        -0.7535879057845706,
        -0.32228344792043706,
        0.611752534633248,
        0.38775031187115494,
        0.4632533295629788,
        -0.3637752417301485,
        -0.04172494026006171,
        0.07695033406905608,
        -0.5311912823132374,
        -0.48370943516593856,
        0.9106849321519332
      ],
      [
        0.20246264671056524,
        -0.929600651443883,
        -0.8138644458592896,
        0.08655573489619425,
        -0.4947193343368521,
        0.06702328218841025,
        -0.1364521469279012,
        -0.2553074991815045,
        -0.03886227776318285,
        0.5075334938459757,
        -0.22252181962082362,
        0.48327692783545917
      ],
      [
        -0.12603986132070277,
        0.12990326782036177,
        0.21735956704967552,
        -0.6211366036617025,
        -0.973509741969421,
        -0.8317379992140721,
        0.5373001241220279,
        -0.34340813321695296,
        0.8364771658820664,
        -0.7108066756892086,
        -0.33709005891561494,
        -0.6522863695035137
      ],
      [
        0.896092001603207,
        0.7055781417989755,
        0.7228511841837904,
        -0.11492391479362185,
        0.6809457402340512,
        0.6218770963623612,
        0.2589214271635045,
        0.37349560301834894,
        -0.793864407689681,
        -0.5659111946465161,
        -1.5437688092911275,
        0.0315165363259208
      ],
      [
        -0.834531051620649,
        -0.43969229031276824,
        0.3852920506396227,
        -0.3288091966110709,
        0.4738075636260992,
        -0.25812568245597955,
        0.07766001096185127,
        0.6882855078135888,
        -0.0934337950695332,
        0.6238010737239696,
        -0.5592127447672111,
        0.582378927850683
      ],
      [
        0.46151158030007344,
        0.49584647824210526,
        0.1120212663775546,
        0.38205324940132734,
        0.3901747045986792,
        -0.6757901441624552,
        -0.14635271845503972,
        0.2523947978136043,
        -0.9815959487298063,
        -0.02639072574229792,
        -0.8221037967965064,
        -0.5926235243029092
      ],
      [
        0.19650443640286053,
        -0.7480617212097402,
        -0.22605738961406474,
        0.3333483899130919,
        0.12721850844326155,
        0.3486036666138963,
        -0.9504255258425975,
        -1.248885238051384,
        0.006415836029680877,
        0.14004488697425854,
        0.438810837805903,
        0.8466358314240503
      ],
      [
        -0.7975056125373678,
        0.8550078953250716,
        -0.10024705701162917,
        -0.13204833367688917,
        -0.7126296281710325,
        0.21607814139834391,
        -0.5013184818431495,
        -0.5114983675260061,
        0.03435623196379867,
        -0.6876804201858144,
        0.7476673739233335,
        0.594850873003431
      ],
      [
        1.4156151964476769,
        -0.36037304303796724,
        -0.3684178277756547,
        0.34819164227321076,
        -0.3383565159799028,
        0.23546011196674987,
        -0.22448230854788315,
        -0.6506879914375293,
        -0.40128459246315384,
        -0.40285723698523374,
        -0.6261755682375754,
        0.987897736618444
      ],
      [
        -0.6674459722614368,
        -0.03118756984290827,
        -1.04546559532986,
        -0.9194934890564731,
        0.7806490077571522,
        0.8450456885311419,
        0.8248493164599362,
        0.46904122262466785,
        0.7617490078765712,
        -0.8409699907775398,
        -0.5512431519115222,
        0.33887696426615177
      ],
      [
        -0.04316838729755301,
        1.3724056150540045,
        -0.42069167050116385,
        1.0535639713286629,
        -0.31693287826890915,
        -0.405426873734819,
        0.2397670001642922,
        0.28082819976272244,
        -0.7412624616835293,
        0.4061616219090034,
        0.7400373269420968,
        0.32728007211055443
      ],
      [
        -0.21792486617882978,
        0.1812985074946321,
        -0.161384974612313,
        0.3375849864707934,
        0.7561941770292229,
        0.704194148988275,
        -0.8411098799732968,
        0.7098046308071424,
        -0.38328761080845575,
        -0.4994680987718496,
        0.7452554104166302,
        -1.3032078947365189
      ],
      [
        -0.27698034671781935,
        -0.6612055138948578,
        0.012597387117368797,
        -0.6294118364875978,
        0.05294944446050193,
        -0.5021655136618437,
        -0.11752302881622079,
        -0.30635613439822795,
        -0.3250915989905012,
        -0.11942459196193567,
        -0.4614892782034574,
        0.8200396192327876
      ],
      [
        -0.2848167031167117,
        -0.8806196923551806,
        0.8235559114170516,
        -1.1158148737070122,
        -0.21105085247892674,
        0.3218054499157622,
        -0.5784622917787741,
        -0.05964113347025202,
        0.08605477519627858,
        -0.9817340730832045,
        0.33962384856998384,
        0.19411174280082572
      ],
      [
        -0.8685414158621494,
        0.290693151362559,
        -0.12691337195988406,
        -0.40209578876839935,
        -0.0017676333140188571,
        0.9320705576829682,
        0.7108788603732895,
        -0.47545277462785007,
        -0.7170303057178666,
        0.6368463740310566,
        0.3282957062453007,
        0.9448513857198733
      ]
    ],