{
  "metadata": {
    "final_best": 2.1009358733856973,
    "final_mean": 2.1009358733856973,
    "final_worst": 2.1009358733856973
  },
  "generations": {
    "gen0": 0.07013318651357203,
    "gen1": 0.07013318651357203,
    "gen2": 0.1820684917601671,
    "gen3": 0.24300336169436362,
    "gen4": 0.24300336169436362,
    "gen5": 0.24300336169436362,
    "gen6": 0.24300336169436362,
    "gen7": 0.2545392564948205,
    "gen8": 0.3171982677269388,
    "gen9": 0.3171982677269388,
    "gen10": 0.45193061244208776,
    "gen11": 1.1428024212161796,
    "gen12": 1.1428024212161796,
    "gen13": 1.1428024212161796,
    "gen14": 1.563500569640703,
    "gen15": 1.9519967323547893,
    "gen16": 1.9519967323547893,
    "gen17": 2.1009358733856973,
    "gen18": 2.1009358733856973,
    "gen19": 2.1009358733856973,
    "gen20": 2.1009358733856973,
    "gen21": 2.1009358733856973,
    "gen22": 2.1009358733856973,
    "gen23": 2.1009358733856973,
    "gen24": 2.1009358733856973
  },
  "weights": {
    "W1": [
      [
        -0.3545918337876832,
        0.500803085696186,
        -0.9419844305090109,
        0.7457208232634787,
        -0.6632269697436106,
        0.161796810167391,
        -0.24363510123348403,
        -1.3990867693313602,
        1.0686830992748426,
        -0.5825610737178688,
        -0.9250510248127681,
        0.2777402317212607
      ],
      [
        0.7566828857766315,
        -0.0993315038396394,
        -0.10718262884427854,
        -0.8931263704045067,
        0.6795747761721689,
        -0.8188648439656426,
        0.657883851661851,
        0.4897740159169665,
        0.31819331358678216,
        0.1332494112183758,
        0.4020336415284612,
        0.0958453823123947
      ],
      [
        0.515030061548388,
        0.281092084861086,
        -0.41311109029144477,
        -0.5504709335365927,
        -0.9473990571091049,
        0.19812681392652262,
        -0.22140144262066896,
        -0.8079423563557533,
        0.5940524012646413,
        0.3050706037317217,
        -0.8672126914261817,
        0.18156618846728678
      ],
      [
        -0.9063842964866411,
        -0.36140399456373107,
        -1.358203186755204,
        -0.0027817561323655315,
        0.5078977321069489,
        -0.5738654531760132,
        -0.15273423456342744,
        0.7098818346199021,
        0.3215818271906321,
        0.4128369527607634,
        -0.9445364499648254,
        -0.3242342191288847
      ],
      [
        0.11418752558912804,
        1.0615717743424244,
        -0.5329571499755892,
        0.6796363630490393,
        0.8553033665511109,
        0.5480463913535949,
        -1.2054425268287097,
        -0.9245082715644666,
        0.12986974164644427,
        -0.5369910066127765,
        -0.7855569021133333,
        0.8992002806825615
      ],
      [
        -1.420768724176169,
        0.879310492447382,
        0.7082200752832968,
        -0.9802284832363921,
        -0.6263396454965098,
        -0.8190595302594414,
        0.3550739461875738,
        0.4727760161883874,
        1.0905773747252323,
        -0.44591780133013903,
        1.0625568482788257,
        1.483443775896259
      ],
      [
        0.34841689368235174,
        0.3277093074657468,
        -0.5837851840427097,
        -0.3465535126892682,
        -0.5258101885854495,
        -0.4167260856224724,
        -0.24592577002005656,
        -1.5559692770158942,
        -0.7297989693414879,
        -0.1948478266996022,
        -0.2540760421947129,
        -0.13318503825507766
      ],
      [
        0.7024026644475168,
        -0.11627982359469263,
        0.30060348037378604,
        0.8959947509343186,
        0.1166577950957981,
        1.4756071532491586,
        2.595565464864444,
        0.2195187079147185,
        -0.578588135524531,
        0.27881549528018335,
        -1.9936375035430052,
        0.6772005883342496
      ],
      [
        -0.1742908127808689,
        0.03368216647573713,
        0.3288087411827345,
        -0.028253680069410148,
        -0.5370675592914914,
        0.1617281920770799,
        0.8855838520330079,
        0.7824806719784974,
        -0.9635709056745119,
        -0.20815250862091172,
        -1.041649878270336,
        -0.34278165574146535
      ],
      [
        1.506169154061817,
        0.08406045124127187,
        -0.8828527524287493,
        0.18159741543450258,
        0.12127741112811985,
        1.3503794558651163,
        -0.026293191151897544,
        -0.5659431417816969,
        0.626748839470618,
        0.9924476314851862,
        -0.10710736384837347,
        0.24805583692603977
      ],
      [
        -0.7492501357791643,
        -0.7010606637354966,
        0.3288758342999505,
        0.7447819943531927,
        0.9421868652296421,
        0.5413010706638961,
        -0.9426564006223119,
        -0.4647361612806913,
        0.9234863944760152,
        0.8186529747499229,
        -0.7535356615360487,
        0.49820257767394405
      ],
      [
        -0.09710556474306897,
        0.8066322857209836,
        -0.7349894596215696,
        0.6383401034349887,
        -0.519341236361629,
        0.06269924363509835,
        0.7790967955717767,
        0.7649441040942733,
        0.2541805601122425,
        0.492509773039131,
        0.07459801408178479,
        0.2576586588718363
      ],
      [
        0.9314530376593937,
        -0.9970086792178476,
        1.049376900538562,
        0.4932109772288249,
        -0.41944049738621647,
        0.32339684298414145,
        -0.8140157448636409,
        -0.4920822885721732,
        0.619360023772874,
        -0.5044857709916135,
        0.43961586511999906,
        0.3600987449131663
      ],
      [
        -0.3419137258479805,
        0.4553063535034729,
        -0.5965895850664045,
        -0.9207643408720119,
        -0.10094414865652013,
        -0.6446444703354546,
        -0.4679744430351564,
        1.7433817801818092,
        -0.5585855857863533,
        -0.2846803187363171,
        -0.16597797782985912,
        1.3492265305953857
      ],
      [
        -1.143577754006695,
        0.1800048458848913,
        0.5837132988774654,
        -0.1531937364423049,
        0.27132940745993084,
        -0.4478436438105633,
        -0.6306355445090488,
        0.39050774648022313,
        -0.9461964425924212,
        -1.6523955278606577,
        -0.509373534070491,
        0.34481476430068747
      ],
      [
        -0.8746657750320255,
        -0.3137538512029949,
        -0.2090942128305786,
        1.7314442966249775,
        2.5725372295655644,
        0.6978366334632209,
        0.754267951704983,
        -0.3914899921911317,
        -0.7799126572968742,
        0.34247374583303875,
        0.4010337754093058,
        -0.7435186299739771
      ],
      [
        0.7003803234656494,
        0.13522330797547855,
        0.10677497916337697,
        0.24979905246387712,
        -0.5892692569176086,
        -0.5708460058019014,
        0.2246811037317764,
        0.6599359325219878,
        -0.36046111524497665,
        -0.6443798650343281,
        0.3694071099588254,
        0.3204721777586903
      ],
      [
        0.2557003815403096,
        -0.7672709157402167,
        0.6037531356268293,
        -0.4027388750336178,
        -0.9100376065622895,
        0.3641137586496291,
        0.17638722212415403,
        0.5856256174928869,
        -0.08768648625318703,
        0.38283868604015137,
        0.6983276199778469,
        0.4859022021529318
      ],
      [
        0.6022253583000443,
        -0.872908238640318,
        1.2429777578190195,
        -0.5834274615087587,
        0.7204723879977031,
        0.9370877187115874,
        0.5589751048169791,
        0.9553373141736828,
        -0.6593342242378215,
        -1.1821918889890488,
        1.1286729219266458,
        -0.9679970555306899
      ],
      [
        1.352019196106095,
        0.6638304303091147,
        0.6150480240514649,
        0.5620600139557201,
        -0.5175993299975683,
