{
  "generations": {
    "gen0": {
      "best": -2.5613712748461404,
      "mean": -1.0782272743016117,
      "worst": -0.13693740824143608
    },
    "gen1": {
      "best": -3.2970666760594383,
      "mean": -2.2837496388244842,
      "worst": -0.7460580237064415
    },
    "gen2": {
      "best": -3.2970666760594383,
      "mean": -2.911204117521464,
      "worst": -1.886726275539334
    },
    "gen3": {
      "best": -4.324367723471377,
      "mean": -3.3458244591193553,
      "worst": -3.2970666760594383
    },
    "gen4": {
      "best": -4.490696835381406,
      "mean": -3.6946142408648446,
      "worst": -3.2970666760594383
    },
    "gen5": {
      "best": -4.788517598385225,
      "mean": -4.3728765685627,
      "worst": -3.6766998632960544
    },
    "gen6": {
      "best": -4.85315692744329,
      "mean": -4.552525348213234,
      "worst": -4.312973634364889
    },
    "gen7": {
      "best": -5.032612644082443,
      "mean": -4.758337427362293,
      "worst": -4.490696835381406
    },
    "gen8": {
      "best": -5.459731518325746,
      "mean": -4.932668583684856,
      "worst": -4.834838594510984
    },
    "gen9": {
      "best": -5.851289027112489,
      "mean": -5.3058443007073,
      "worst": -4.860758551851548
    },
    "gen10": {
      "best": -6.232251853204198,
      "mean": -5.746129839503415,
      "worst": -5.032612644082443
    },
    "gen11": {
      "best": -6.232251853204198,
      "mean": -6.008286881569514,
      "worst": -5.690268750187873
    },
    "gen12": {
      "best": -6.340910547467331,
      "mean": -6.2355771489756515,
      "worst": -5.988022520946966
    },
    "gen13": {
      "best": -6.5125778152082106,
      "mean": -6.36792344996443,
      "worst": -6.232251853204198
    },
    "gen14": {
      "best": -6.559009896493154,
      "mean": -6.485112630914825,
      "worst": -6.337781203187549
    },
    "gen15": {
      "best": -6.5934733595644355,
      "mean": -6.526199445362042,
      "worst": -6.503759170345039
    },
    "gen16": {
      "best": -6.5934733595644355,
      "mean": -6.565403588741323,
      "worst": -6.518571245840708
    },
    "gen17": {
      "best": -6.5934733595644355,
      "mean": -6.590204077961454,
      "worst": -6.559009896493154
    },
    "gen18": {
      "best": -6.649913702098939,
      "mean": -6.597236049066735,
      "worst": -6.5934733595644355
    },
    "gen19": {
      "best": -7.144313360763744,
      "mean": -6.6552968868902935,
      "worst": -6.5934733595644355
    },
    "gen20": {
      "best": -7.360580488728409,
      "mean": -6.959158483253088,
      "worst": -6.5934733595644355
    },
    "gen21": {
      "best": -7.596050642661569,
      "mean": -7.330427447355877,
      "worst": -7.092911660221122
    },
    "gen22": {
      "best": -7.719121676627577,
      "mean": -7.603171296101666,
      "worst": -7.360580488728409
    },
    "gen23": {
      "best": -7.766557339024274,
      "mean": -7.712002745933892,
      "worst": -7.596050642661569
    },
    "gen24": {
      "best": -7.766557339024274,
      "mean": -7.732825774108138,
      "worst": -7.719121676627577
    },
    "gen25": {
      "best": -7.766557339024274,
      "mean": -7.761174031631229,
      "worst": -7.719121676627577
    },
    "gen26": {
      "best": -7.766557339024274,
      "mean": -7.766557339024276,
      "worst": -7.766557339024274
    },
    "gen27": {
      "best": -7.794854985215372,
      "mean": -7.767972221333831,
      "worst": -7.766557339024274
    },
    "gen28": {
      "best": -8.185802158791965,
      "mean": -7.799694895477154,
      "worst": -7.766557339024274
    },
    "gen29": {
      "best": -8.30507801063464,
      "mean": -7.985772246652056,
      "worst": -7.766557339024274
    }
  },
  "metadata": {
    "total_generations": 30
  },
  "weights": {
    "W1": [
      [
        -0.14989955837552538,
        -0.8139811827134087,
        0.5935155467239215,
        -0.34826054340377666,
        0.2989028255779145,
        0.33785915374845144,
        0.06549113185666267,
        -0.07688345412794284,
        -0.35410716499027245,
        -0.20020942879893378,
        -0.6350950049600603,
        1.075251744165363
      ],
      [
        -0.23236708244592053,
        -0.31857168364169985,
        0.6278314097830631,
        -0.7250586612579366,
        -0.19655836151603137,
        -0.733665535317956,
        0.38484916759186294,
        -0.9387269084333083,
        -0.5276913617091559,
        -0.9664482693857841,
        -1.146932301911747,
        -0.8644011873569135
      ],
      [
        0.05053587419285663,
        -0.42154443766650596,
        0.500902923413246,
        -1.6072573086036321,
        -0.6390386883280943,
        0.6944894867150755,
        -0.007240810650392504,
        0.052710997184273634,
        0.9887499867945647,
        -0.7424642711128364,
        0.6281334399641365,
        0.8482443129861416
      ],
      [
        -0.24217797327923418,
        -0.15533794202305118,
        0.32032951804223986,
        0.7035235592098465,
        0.5123160909972762,
        1.1406587243657158,
        0.6579579455179987,
        0.542137350008808,
        -0.24780712973726526,
        -0.4915180968621442,
        -0.7015671364519833,
        0.1510690993433268
      ],
      [
        -0.22003467953842648,
        0.15586282979190003,
        0.4951868054202473,
        0.9604981839923232,
        0.4812990650585698,
        -0.3208316092541872,
        0.5851388883286189,
        -0.04741358173768645,
        1.3107128748479897,
        -0.13054593327952602,
        1.3046346166902905,
        -0.29066027303452935
      ],
      [
        -0.4359480276240171,
        -0.9666259746250059,
        0.9411462681228209,
        -0.1916051678711661,
        -0.1688507932017959,
        0.897918029938936,
        0.6340085226766485,
        0.2507689991800705,
        -1.2174118828623897,
        0.7349800693281363,
        0.6415065672799383,
        0.8315533660012309
      ],
      [
        0.36391719728233407,
        0.2828705245178833,
        -0.5295176590723472,
        -0.5872495405623317,
        -0.4350951499705561,
        -0.3637453807626121,
        -0.2344207703168295,
        -0.592426045385412,
        0.09023757593655679,
        0.36876764158259956,
        -0.06716437609095599,
        -0.44443389280819945
      ],
      [
        -0.38746022492551324,
        0.8535780984571353,
        0.7471131404333631,
        -0.41792453168786414,
        0.5032157563961897,
        -0.28305214809674806,
        -0.7314451037108489,
        1.0941181646889158,
        -0.9685844012499469,
        -0.4904685993453819,
        -0.30165056607641794,
        -0.167915836783738
      ],
      [
        0.9804352840151749,
        -0.6644249306057921,
        -0.7621452437496283,
        0.573792991180643,
        0.23780768705708988,
        0.5778568490652816,
        0.20885902539359047,
        -0.1485916581265856,
        0.15767110307066975,
        0.018829828860233322,
        0.7723854136082029,
        -0.349807782374153
      ],
      [
        -0.47683768910229785,
        0.5671914634426894,
        0.2091465146456657,
        -0.47997578876151015,
        0.5396804587884567,
        0.17745683508548638,
        0.003457609850919807,
        -0.40778779976161905,
        -0.6169678614032411,
        -0.5705788163690613,
        -0.42797357035545386,
        0.1362991554031987
      ],
      [
        0.2599425694274719,
        -0.7736712607701306,
        -0.03693418261799608,
        -0.5593215031765555,
        0.609860141863099,
        0.641164473741531,
        0.734525949387201,
        0.9673367552545995,
        -0.09472940832555521,
        -0.07012734536901788,
        -0.6930493652559768,
        0.6873478021235098
      ],
      [
        -0.2862137928953311,
        0.03573958648715217,
        -0.4644376761632725,
        0.8326139332676046,
        0.2827006305834937,
        0.5995233871481863,
