{
  "generations": {
    "gen0": {
      "best": Infinity,
      "mean": Infinity,
      "worst": Infinity
    },
    "gen1": {
      "best": Infinity,
      "mean": Infinity,
      "worst": Infinity
    },
    "gen2": {
      "best": Infinity,
      "mean": Infinity,
      "worst": Infinity
    },
    "gen3": {
      "best": Infinity,
      "mean": Infinity,
      "worst": Infinity
    },
    "gen4": {
      "best": Infinity,
      "mean": Infinity,
      "worst": Infinity
    },
    "gen5": {
      "best": Infinity,
      "mean": Infinity,
      "worst": Infinity
    },
    "gen6": {
      "best": Infinity,
      "mean": Infinity,
      "worst": Infinity
    },
    "gen7": {
      "best": Infinity,
      "mean": Infinity,
      "worst": Infinity
    },
    "gen8": {
      "best": Infinity,
      "mean": Infinity,
      "worst": Infinity
    },
    "gen9": {
      "best": Infinity,
      "mean": Infinity,
      "worst": Infinity
    }
  },
  "metadata": {
    "total_generations": 10
  },
  "weights": {
    "W1": [
      [
        -0.9404741459700661,
        -0.708831388203027,
        -0.980102573072527,
        0.6124937313400014,
        0.8872856806156215,
        -0.8304435709371623,
        -0.370390856241422,
        0.9638898487742638,
        -0.6713506365705688,
        -0.877063343029227,
        0.5183847701116462,
        0.32035234455047323
      ],
      [
        0.2829315088831199,
        0.8050222631477901,
        -0.8843803409079765,
        0.26321512430976424,
        0.42673903404281677,
        0.32072326355894387,
        0.03955672640593555,
        -0.4085511502727077,
        -0.19599436393703762,
        0.3617413148401736,
        0.10722085645118895,
        -0.3913539540536548
      ],
      [
        0.48539500405930314,
        0.8184617064022623,
        -0.9841955329924292,
        -0.4404385104744357,
        0.055583471214786906,
        0.8409011832902105,
        0.4005901277652095,
        -0.10762189859331639,
        -0.5897328572335876,
        0.0888505820089529,
        0.5766831579534331,
        0.30407417479371746
      ],
      [
        0.3949419311471374,
        0.7753497930143933,
        0.5631261862629204,
        -0.1909885886996936,
        -0.6054084914777476,
        -0.39693717532931383,
        -0.9260596552873628,
        -0.3310141505301962,
        0.4501973646712383,
        0.48010444462114,
        -0.7479887080122576,
        0.9838479390858146
      ],
      [
        -0.4321442810634597,
        -0.8143608642865479,
        0.10357170272249583,
        0.04267173023088078,
        0.5140926485610828,
        -0.6799453195419649,
        -0.9442175494086842,
        0.5931973984827494,
        0.18500720349982647,
        -0.5173204417194579,
        0.5483155742875052,
        0.4530184927991907
      ],
      [
        0.973909400482097,
        -0.7791161875130808,
        -0.880108522749194,
        -0.25404226392870477,
        0.253979064635923,
        -0.2910533081917015,
        -0.9045342541253576,
        0.3019248387417648,
        -0.7505003892073501,
        -0.40407777469701656,
        0.4737173915686219,
        -0.0937056788954096
      ],
      [
        0.9659011250152785,
        0.6107751242184349,
        0.9780001577972444,
        0.1311944531596767,
        0.7886777957907232,
        0.2554887036311706,
        0.0665773130133116,
        0.1910978292500658,
        -0.29932572991845596,
        -0.4309290101092702,
        0.5695785256487016,
        0.4297089364046711
      ],
      [
        0.34486760407643735,
        0.4287019577274578,
        0.03933329489100457,
        -0.5047333373840612,
        -0.3443060738377002,
        0.16473809171550347,
        0.6456854459427224,
        -0.27746493437424924,
        -0.8040243365384154,
        0.42328084149497935,
        0.6568752588637612,
        -0.8361056731306225
      ],
      [
        -0.8756126549111796,
        0.7770185936996834,
        -0.04749385692500474,
        -0.10767182591449198,
        -0.26141156737770976,
        0.05251120631029749,
        0.17647891579521358,
        0.03788999883569355,
        -0.21043504965283288,
        -0.4726125808908974,
        -0.002345388584418018,
        -0.15315561001730305
      ],
      [
        -0.1198400901404344,
        0.8620712153288725,
        -0.020917866651461337,
        0.946544966353809,
        0.6476236606067831,
        -0.7113076373072582,
        -0.7457520442491115,
        0.42230113532711266,
        -0.7412296240325005,
        0.40904936959125804,
        0.7265433151891991,
        -0.7638836846579506
      ],
      [
        -0.5747149220789616,
        -0.053288876524457685,
        0.492992612076397,
        0.8881391221139832,
        -0.2613358807310857,
        0.9036435055548855,
        0.20320042747732692,
        -0.1827602817068077,
        -0.7582671438219255,
        0.14352950885281812,
        -0.919435716826059,
        -0.6933909786083965
      ],
      [
        -0.2570652916293654,
        0.982040202237066,
        -0.3934798345866608,
        -0.028148918927046962,
        0.582407402140936,
        -0.7157203885347769,
        0.17924848827357542,
        -0.90269790683954,
        0.7885058567697398,
        0.7781144124788388,
        -0.5688370885986518,
        0.6382501384565282
      ],
      [
        -0.022412687508974294,
        -0.7553441889951036,
        -0.30270211297922534,
        0.7408530718785893,
        -0.16484969137346117,
        0.14611818357857875,
        0.13152795214018842,
        0.8005745759281999,
        0.5626986977056507,
        -0.04954490312248505,
        0.4400669907582322,
        0.2114194204331874
      ],
      [
        0.5239024629968745,
        0.00952772254437595,
        -0.07812767085911676,
        -0.10014121730296699,
        -0.10185052232470237,
        0.7326911051253102,
        -0.3495674269003426,
        0.599623242389715,
        0.32900462483748005,
        -0.18074334580845952,
        -0.5343554332815943,
        -0.20920574159923389
      ],
      [
        0.08198890158265382,
        0.9161589841610764,
        0.7800863302215366,
        0.47182558890245985,
        0.291833059318809,
        0.7319071466567333,
        0.4144172523141516,
        0.1439895872788013,
        0.5923175628720989,
        0.4147976980931769,
        0.12208871014654155,
        -0.752436777294961
      ],
      [
        0.11870564647245452,
        -0.6151465333228063,
        0.23740810963264591,
        0.1537111663462991,
        -0.8942512280152322,
        0.14048876645794195,
        -0.6212082542395805,
        -0.048328615685719445,
        0.7937285604873905,
        -0.7594336471221685,
        0.8723636199811016,
        -0.6405131971481925
      ]
    ],