{
  "generations": {
    "gen0": {
      "best": 2.7294602162090613,
      "mean": 3.1382628879726133,
      "worst": 3.8388694246474606
    },
    "gen1": {
      "best": 2.7294602162090613,
      "mean": 2.9008533827390344,
      "worst": 3.124351133404689
    },
    "gen2": {
      "best": 2.7294602162090613,
      "mean": 2.74560192726444,
      "worst": 2.962475280771715
    },
    "gen3": {
      "best": 2.7294602162090613,
      "mean": 2.7294602162090613,
      "worst": 2.7294602162090613
    },
    "gen4": {
      "best": 2.7294602162090613,
      "mean": 2.7294602162090613,
      "worst": 2.7294602162090613
    },
    "gen5": {
      "best": 2.7142599591337606,
      "mean": 2.7278768560970508,
      "worst": 2.7294602162090613
    },
    "gen6": {
      "best": 2.7142599591337606,
      "mean": 2.719960055536999,
      "worst": 2.7294602162090613
    },
    "gen7": {
      "best": 2.7142599591337606,
      "mean": 2.7142599591337606,
      "worst": 2.7142599591337606
    },
    "gen8": {
      "best": 2.7142599591337606,
      "mean": 2.7142599591337606,
      "worst": 2.7142599591337606
    },
    "gen9": {
      "best": 2.7142599591337606,
      "mean": 2.7142599591337606,
      "worst": 2.7142599591337606
    },
    "gen10": {
      "best": 2.6836486564609667,
      "mean": 2.712346752716711,
      "worst": 2.7142599591337606
    },
    "gen11": {
      "best": 2.6836486564609667,
      "mean": 2.7026505360268023,
      "worst": 2.7142599591337606
    },
    "gen12": {
      "best": 2.6836486564609667,
      "mean": 2.6836486564609667,
      "worst": 2.6836486564609667
    },
    "gen13": {
      "best": 2.6836486564609667,
      "mean": 2.6836486564609667,
      "worst": 2.6836486564609667
    },
    "gen14": {
      "best": 2.605087357107712,
      "mean": 2.675465187778336,
      "worst": 2.6836486564609667
    },
    "gen15": {
      "best": 2.5731339764753955,
      "mean": 2.6384318375919276,
      "worst": 2.6836486564609667
    },
    "gen16": {
      "best": 2.5731339764753955,
      "mean": 2.5907473605280797,
      "worst": 2.6836486564609667
    },
    "gen17": {
      "best": 2.5731339764753955,
      "mean": 2.573799671905235,
      "worst": 2.605087357107712
    },
    "gen18": {
      "best": 2.5731339764753955,
      "mean": 2.5731339764753955,
      "worst": 2.5731339764753955
    },
    "gen19": {
      "best": 2.5731339764753955,
      "mean": 2.5731339764753955,
      "worst": 2.5731339764753955
    },
    "gen20": {
      "best": 2.5731339764753955,
      "mean": 2.5731339764753955,
      "worst": 2.5731339764753955
    },
    "gen21": {
      "best": 2.5731339764753955,
      "mean": 2.5731339764753955,
      "worst": 2.5731339764753955
    },
    "gen22": {
      "best": 2.5731339764753955,
      "mean": 2.5731339764753955,
      "worst": 2.5731339764753955
    },
    "gen23": {
      "best": 2.5731339764753955,
      "mean": 2.5731339764753955,
      "worst": 2.5731339764753955
    },
    "gen24": {
      "best": 2.5731339764753955,
      "mean": 2.5731339764753955,
      "worst": 2.5731339764753955
    },
    "gen25": {
      "best": 2.5731339764753955,
      "mean": 2.5731339764753955,
      "worst": 2.5731339764753955
    }
  },
  "metadata": {
    "total_generations": 26
  },
  "weights": {
    "W1": [
      [
        0.9484947833160993,
        0.356786272498411,
        -0.6374788789253958,
        -0.24049844176822477,
        -0.33703062561877156,
        -0.9423675408575569,
        0.36892826676294566,
        0.2644236076198039,
        0.4660552124466922,
        -0.7386893409031683,
        0.8407959712762054,
        -0.9431945990273537
      ],
      [
        0.13861229457698943,
        -0.90805534924066,
        -0.8180671192430544,
        -0.3715241102522582,
        0.4091363529612462,
        0.7670249609631279,
        0.7326125744153744,
        0.15329801624675898,
        0.7268765448485548,
        0.824277392712628,
        -0.38718241230531586,
        -0.26187135691851227
      ],
      [
        0.046206350449347955,
        0.7291347915307735,
        -0.8095157230966106,
        0.323426525691926,
        -0.5138290249757749,
        0.03540654193476994,
        0.3525911367148824,
        -0.585985458230939,
        0.6780660424595746,
        0.12630441186397467,
        0.9755832495229544,
        -0.8908677695446483
      ],
      [
        0.2867974331136258,
        -0.8521874311001854,
        0.014109561196955727,
        0.7037423028921324,
        0.7388312692255359,
        -0.6709919453456834,
        0.8403116302025113,
        -0.5182163666055377,
        -0.07557553467085576,
        1.467848155727419,
        -0.9862333722619925,
        0.28663462964650366
      ],
      [
        -0.8345800688261314,
        0.7341254281963037,
        -0.08181081050352956,
        0.6025225754534442,
        -0.10380282866925228,
        0.5907503407736412,
        -0.10586376017240395,
        0.43195315506073007,
        -1.1818039198494488,
        0.5259649115244194,
        -0.7947133570396951,
        -0.1753229046489011
      ],
      [
        0.11426202280966624,
        -0.9996605690433271,
        0.45206350177207977,
        0.20840655212359493,
        -0.2032065268113057,
        0.6446315158180971,
        0.016675480638929763,
        -0.23873585147847884,
        0.4332492489723845,
        0.9007102599867314,
        0.3119356570398413,
        -0.1428229244437289
      ],
      [
        -0.7518863066491037,
        -0.7080325209040883,
        0.12030169021213633,
        0.2395159393541686,
        -0.053732637812822226,
        0.31433441286227914,
        0.5921679939687781,
        -0.7719532832885234,
        -0.1085211475959614,
        0.8259491807679633,
        0.5911061984686703,
        0.6597677712688024
      ],
      [
        0.92886736690868,
        -0.416032872383437,
        -0.8518608889245687,
        0.7983906225723456,
        -0.9084437802899314,
        -0.5105431116077219,
        -0.7191016253555023,
        0.4337122252957655,
        0.5823195822723846,
        0.5238354949445949,
        0.4871822956112438,
        -0.6249131989367933
      ],
      [
        0.5724819793455158,
        0.5226454755666998,
        0.17380291831238154,
        0.5628408072975093,
        -0.15906381302394945,
        -0.25829776281804695,
        -1.0157294928836467,
        1.1881301698511233,
        0.7999689386856768,
        -0.6833951090627921,
        0.5442903472744576,
        -0.09899080608207189
      ],
      [
        0.15604875551334763,
        0.912380643251502,
        0.4874663323938644,
        -0.002342715794777517,
        0.1815520752637857,
        -0.7702284683337333,
        -0.2315466514631248,
        0.677632221357833,
        -0.034136072928147465,
        0.016665798143766564,
        -0.39408686536009085,
        -0.6455951229957089
      ],
      [
        -0.48115765505788044,
        1.386572540848748,
        0.49091447696436274,
        -0.09145961658785662,
        -0.18831073527076359,
        0.765391727117356,
        0.00822023870632882,
        -0.3115729146621895,
        -0.688246286107072,
        0.7052209451957834,
        0.5247493125235854,
        0.35606100872564295
      ],
      [
        0.9271870753595053,
        0.011883614921072302,
        -0.09430858783726648,
        0.0504737419195842,
        -0.12056077639583372,
        0.28366920631168985,
        -0.9715348084457993,
        -0.4239877450635182,
        -0.3152660097952906,
        0.721415092258316,
        -0.5513800211237592,
        0.8710241549250715
      ],
      [
        0.292201936395934,
        0.29440215577445167,
        0.11598978427688078,
        -0.4188410090414987,
        -0.08135657654094719,
        0.344747426102634,
        0.8126040549904223,
        0.30017277561395583,
        0.691491869373567,
        0.18779404915301062,
        0.5548087283721149,
        -0.5432573595437726
      ],
      [
