{
  "generations": {
    "gen0": {
      "best": 0.26320397473129475,
      "mean": 0.8321055190505794,
      "worst": 2.182578727088804
    },
    "gen1": {
      "best": 0.2042036640444147,
      "mean": 0.4676636328728496,
      "worst": 0.9688785779643009
    },
    "gen2": {
      "best": 0.12917203025719912,
      "mean": 0.22500673197722953,
      "worst": 0.4169251708617679
    },
    "gen3": {
      "best": 0.12917203025719912,
      "mean": 0.15860051914252024,
      "worst": 0.2042036640444147
    },
    "gen4": {
      "best": 0.12917203025719912,
      "mean": 0.12990912774260369,
      "worst": 0.16455270955661874
    },
    "gen5": {
      "best": 0.10600844329104238,
      "mean": 0.12724173134335273,
      "worst": 0.12917203025719912
    },
    "gen6": {
      "best": 0.09670841789302477,
      "mean": 0.11541195931144431,
      "worst": 0.12917203025719912
    },
    "gen7": {
      "best": 0.07954932354416747,
      "mean": 0.1006826737877012,
      "worst": 0.12917203025719912
    },
    "gen8": {
      "best": 0.07954932354416747,
      "mean": 0.08782521973146841,
      "worst": 0.11676589970019914
    },
    "gen9": {
      "best": 0.07954932354416747,
      "mean": 0.07954932354416745,
      "worst": 0.07954932354416747
    },
    "gen10": {
      "best": 0.07954932354416747,
      "mean": 0.07954932354416745,
      "worst": 0.07954932354416747
    },
    "gen11": {
      "best": 0.07954932354416747,
      "mean": 0.07954932354416745,
      "worst": 0.07954932354416747
    },
    "gen12": {
      "best": 0.07954932354416747,
      "mean": 0.07954932354416745,
      "worst": 0.07954932354416747
    },
    "gen13": {
      "best": 0.07633265430125442,
      "mean": 0.07941529565904608,
      "worst": 0.07954932354416747
    },
    "gen14": {
      "best": 0.07633265430125442,
      "mean": 0.07800800286527164,
      "worst": 0.07954932354416747
    },
    "gen15": {
      "best": 0.07633265430125442,
      "mean": 0.07639966824381511,
      "worst": 0.07954932354416747
    },
    "gen16": {
      "best": 0.07633265430125442,
      "mean": 0.07633265430125442,
      "worst": 0.07633265430125442
    },
    "gen17": {
      "best": 0.07633265430125442,
      "mean": 0.07633265430125442,
      "worst": 0.07633265430125442
    },
    "gen18": {
      "best": 0.07633265430125442,
      "mean": 0.07633265430125442,
      "worst": 0.07633265430125442
    },
    "gen19": {
      "best": 0.07633265430125442,
      "mean": 0.07633265430125442,
      "worst": 0.07633265430125442
    },
    "gen20": {
      "best": 0.0738403366664841,
      "mean": 0.07628073101719669,
      "worst": 0.07633265430125442
    },
    "gen21": {
      "best": 0.06888570846106717,
      "mean": 0.07550438234500796,
      "worst": 0.07633265430125442
    },
    "gen22": {
      "best": 0.04407772527902298,
      "mean": 0.06835553171331481,
      "worst": 0.07633265430125442
    },
    "gen23": {
      "best": 0.04407772527902298,
      "mean": 0.05708267991882834,
      "worst": 0.06888570846106717
    },
    "gen24": {
      "best": 0.04407772527902298,
      "mean": 0.044259381030890256,
      "worst": 0.05279720136865205
    },
    "gen25": {
      "best": 0.04407772527902298,
      "mean": 0.04407772527902298,
      "worst": 0.04407772527902298
    },
    "gen26": {
      "best": 0.04407772527902298,
      "mean": 0.04407772527902298,
      "worst": 0.04407772527902298
    },
    "gen27": {
      "best": 0.04407772527902298,
      "mean": 0.04407772527902298,
      "worst": 0.04407772527902298
    },
    "gen28": {
      "best": 0.04407772527902298,
      "mean": 0.04407772527902298,
      "worst": 0.04407772527902298
    },
    "gen29": {
      "best": 0.04407772527902298,
      "mean": 0.04407772527902298,
      "worst": 0.04407772527902298
    }
  },
  "metadata": {
    "total_generations": 30
  },
  "weights": {
    "W1": [
      [
        0.14724507762269512,
        0.9864715396352666,
        0.8636499337162117,
        0.017276645505293953,
        -0.6683128959356834,
        0.340232799989445,
        -0.10755911232199655,
        0.5948447713105933,
        0.12459061687932478,
        0.05278667946834803,
        0.29204964146697576,
        0.44798321761057885
      ],
      [
        -0.2763438073064308,
        -0.27480466203591125,
        -0.6394741542463107,
        0.07735923799409361,
        0.8953365350686937,
        -0.26112962910505133,
        -0.5469139069322255,
        -0.586451850564998,
        0.879553565238445,
        -0.2886773555180459,
        -0.7977184726642117,
        0.3284444708689689
      ],
      [
        0.8601206549977951,
        0.7673643309851232,
        -0.3518577798720448,
        0.05627104892684459,
        0.04274580826710128,
        -0.737901917140984,
        -0.10937019127386391,
        -0.47336786123169317,
        0.662690113378251,
        0.5421956274619768,
        0.14718964175475935,
        -0.2694064440179047
      ],
      [
        -0.01235655613058853,
        0.08079349924370183,
        0.033325795107877365,
        -0.5641648338865597,
        0.9831463352371042,
        0.47615558922497775,
        0.8045675103347246,
        0.7354388437424946,
        0.06802229939652227,
        -0.3810642068744208,
        0.6172477421815727,
        -0.6065004488685626
      ],
      [
        -0.7884876683848481,
        -0.6687883551420157,
        0.8942603404882459,
        0.9688795870631546,
        -0.5769657917284905,
        -0.6261886483824648,
        -0.2755541115698179,
        0.2202940167715254,
        1.388945621845143,
        0.6337824791624802,
        0.62234525874592,
        0.16992379548810094
      ],
      [
        -0.30620201847183337,
        -0.042370714559835765,
        1.0849804590280672,
        0.10908149084886243,
        -0.7948205365031813,
        0.6441573136340222,
        0.7023320961695576,
        -0.42987397188134313,
        -0.677741719264924,
        0.6821527522200997,
        0.6428579946136402,
        -0.8039613401111543
      ],
      [
        -0.7606349406168739,
        -0.48348070796658305,
        -0.6399249208474058,
        0.23342043771804588,
        0.19871504558985942,
        -0.9466596183941229,
        -0.8934862256578511,
        0.4390945990081774,
        -0.5284438522731347,
        -0.6053966893314745,
        -0.828502994528511,
        0.2732690867829282
      ],
      [
        0.7318472179386211,
        0.7427589454599581,
        -0.7976286623463661,
        0.6607271494085616,
        0.20167742882240014,
        0.5964812676296645,
        0.6409063602609948,
        -0.6362316962598007,
        -0.7224146163636276,
        -0.4709586029094206,
        0.44837359615551176,
        -0.9894976033887641
      ],
      [
        -0.45488848707416635,
        -0.23222886915982055,
        0.4495317299757623,
        0.09760849088767087,
        0.4544695706498636,
        0.05554301177344856,
        0.5980740242246274,
        0.5074180800836497,
        -0.39769761082756006,
        -0.7008776127470879,
        -0.20931708683813677,
        -0.04826162902104536
      ],
      [
        0.22949633896073385,
        -0.77828420941997,
        0.8232201589795143,
        0.006658416276918988,
        -0.9671292955882111,
        0.12420964431025097,
        -0.5161237311580134,
        0.20694930164942105,
        0.6550435573041469,
        0.7939379056950633,
        1.1487121717912077,
        -0.16686480958292038
      ],
      [
        -0.13374671473415212,
        -0.3811887039314621,
        0.9493089819044433,
        0.05963303787941121,
        -0.5410274872418996,
        0.4254725698357472,
        0.6452019446264592,
        0.04979845214186244,
        0.9379575823215646,
        -0.244750829931691,
        0.2713415829372601,
        0.39341520631493343
      ],
      [
        -1.0561125490946321,
        -0.7322337887507973,
        -0.04571752599091994,
        -0.5349742187546886,
