{
  "generations": {
    "gen0": {
      "best": 0.26320397473129475,
      "mean": 0.8321055190505794,
      "worst": 2.182578727088804
    },
    "gen1": {
      "best": 0.2042036640444147,
      "mean": 0.4676636328728496,
      "worst": 0.9688785779643009
    },
    "gen2": {
      "best": 0.12917203025719912,
      "mean": 0.22500673197722953,
      "worst": 0.4169251708617679
    },
    "gen3": {
      "best": 0.12917203025719912,
      "mean": 0.15860051914252024,
      "worst": 0.2042036640444147
    },
    "gen4": {
      "best": 0.12917203025719912,
      "mean": 0.12990912774260369,
      "worst": 0.16455270955661874
    },
    "gen5": {
      "best": 0.10600844329104238,
      "mean": 0.12724173134335273,
      "worst": 0.12917203025719912
    },
    "gen6": {
      "best": 0.09670841789302477,
      "mean": 0.11541195931144431,
      "worst": 0.12917203025719912
    },
    "gen7": {
      "best": 0.07954932354416747,
      "mean": 0.1006826737877012,
      "worst": 0.12917203025719912
    },
    "gen8": {
      "best": 0.07954932354416747,
      "mean": 0.08782521973146841,
      "worst": 0.11676589970019914
    },
    "gen9": {
      "best": 0.07954932354416747,
      "mean": 0.07954932354416745,
      "worst": 0.07954932354416747
    },
    "gen10": {
      "best": 0.07954932354416747,
      "mean": 0.07954932354416745,
      "worst": 0.07954932354416747
    },
    "gen11": {
      "best": 0.07954932354416747,
      "mean": 0.07954932354416745,
      "worst": 0.07954932354416747
    },
    "gen12": {
      "best": 0.07954932354416747,
      "mean": 0.07954932354416745,
      "worst": 0.07954932354416747
    },
    "gen13": {
      "best": 0.07633265430125442,
      "mean": 0.07941529565904608,
      "worst": 0.07954932354416747
    },
    "gen14": {
      "best": 0.07633265430125442,
      "mean": 0.07800800286527164,
      "worst": 0.07954932354416747
    },
    "gen15": {
      "best": 0.07633265430125442,
      "mean": 0.07639966824381511,
      "worst": 0.07954932354416747
    },
    "gen16": {
      "best": 0.07633265430125442,
      "mean": 0.07633265430125442,
      "worst": 0.07633265430125442
    },
    "gen17": {
      "best": 0.07633265430125442,
      "mean": 0.07633265430125442,
      "worst": 0.07633265430125442
    },
    "gen18": {
      "best": 0.07633265430125442,
      "mean": 0.07633265430125442,
      "worst": 0.07633265430125442
    },
    "gen19": {
      "best": 0.07633265430125442,
      "mean": 0.07633265430125442,
      "worst": 0.07633265430125442
    },
    "gen20": {
      "best": 0.0738403366664841,
      "mean": 0.07628073101719669,
      "worst": 0.07633265430125442
    },
    "gen21": {
      "best": 0.06888570846106717,
      "mean": 0.07550438234500796,
      "worst": 0.07633265430125442
    },
    "gen22": {
      "best": 0.04407772527902298,
      "mean": 0.06835553171331481,
      "worst": 0.07633265430125442
    },
    "gen23": {
      "best": 0.04407772527902298,
      "mean": 0.05708267991882834,
      "worst": 0.06888570846106717
    },
    "gen24": {
      "best": 0.04407772527902298,
      "mean": 0.044259381030890256,
      "worst": 0.05279720136865205
    },
    "gen25": {
      "best": 0.04407772527902298,
      "mean": 0.04407772527902298,
      "worst": 0.04407772527902298
    },
    "gen26": {
      "best": 0.04407772527902298,
      "mean": 0.04407772527902298,
      "worst": 0.04407772527902298
    },
    "gen27": {
      "best": 0.04407772527902298,
      "mean": 0.04407772527902298,
      "worst": 0.04407772527902298
    },
    "gen28": {
      "best": 0.04407772527902298,
      "mean": 0.04407772527902298,
      "worst": 0.04407772527902298
    },
    "gen29": {
      "best": 0.04407772527902298,
      "mean": 0.04407772527902298,
      "worst": 0.04407772527902298
    },
    "gen30": {
      "best": 0.04407772527902298,
      "mean": 0.04407772527902298,
      "worst": 0.04407772527902298
    },
    "gen31": {
      "best": 0.04407772527902298,
      "mean": 0.04407772527902298,
      "worst": 0.04407772527902298
    },
    "gen32": {
      "best": 0.035566571599352816,
      "mean": 0.0433684624723838,
      "worst": 0.04407772527902298
    },
    "gen33": {
      "best": 0.035566571599352816,
      "mean": 0.039634448545439425,
      "worst": 0.04407772527902298
    },
    "gen34": {
      "best": 0.022483349031483264,
      "mean": 0.034203735915199734,
      "worst": 0.035566571599352816
    },
    "gen35": {
      "best": 0.012225543188975207,
      "mean": 0.02821959816318559,
      "worst": 0.035566571599352816
    },
    "gen36": {
      "best": 0.012225543188975207,
      "mean": 0.016130335985519884,
      "worst": 0.022483349031483264
    },
    "gen37": {
      "best": 0.012225543188975207,
      "mean": 0.012225543188975207,
      "worst": 0.012225543188975207
    },
    "gen38": {
      "best": 0.012225543188975207,
      "mean": 0.012225543188975207,
      "worst": 0.012225543188975207
    },
    "gen39": {
      "best": 0.012225543188975207,
      "mean": 0.012225543188975207,
      "worst": 0.012225543188975207
    }
  },
  "metadata": {
    "total_generations": 40
  },