{
  "generations": {
    "gen0": 0.12861769004464957,
    "gen1": 0.12861769004464957,
    "gen2": 0.1657247559183155,
    "gen3": 0.1954073074596067,
    "gen4": 0.37264268731057376,
    "gen5": 0.3839701394303157,
    "gen6": 0.43896568362966465,
    "gen7": 0.4441782877053869,
    "gen8": 0.5394483380403189,
    "gen9": 0.5394483380403189,
    "gen10": 0.5394483380403189,
    "gen11": 0.5394483380403189,
    "gen12": 0.5394483380403189,
    "gen13": 0.5394483380403189,
    "gen14": 0.5394483380403189,
    "gen15": 0.5445663791604565,
    "gen16": 0.5445663791604565,
    "gen17": 0.5445663791604565,
    "gen18": 0.5445663791604565,
    "gen19": 0.6333175221971891,
    "gen20": 0.6333175221971891,
    "gen21": 0.6333175221971891,
    "gen22": 0.7157134723243792,
    "gen23": 1.2103308636242116,
    "gen24": 1.3435531767846747,
    "gen25": 1.3435531767846747,
    "gen26": 1.3435531767846747,
    "gen27": 1.3474747193167471,
    "gen28": 1.3474747193167471,
    "gen29": 1.480333323506515
  },
  "metadata": {
    "final_best": 1.480333323506515,
    "final_mean": 1.3626480945945476,
    "final_worst": 1.3435531767846747
  },
  "weights": {
    "W1": [
      [
        -0.1304989100684859,
        -0.2806870828446859,
        -0.19124010332459884,
        -0.7190431428270252,
        -0.6073745887344915,
        0.8807471632552484,
        0.6002484697255981,
        -0.023553374294066565,
        0.8095816438063155,
        -0.2593880063911874,
        0.7585369694157609,
        0.10385050053257983
      ],
      [
        -0.12151040663127599,
        0.2252484574750646,
        0.33396547098771223,
        0.4540542881703966,
        0.8938432155213242,
        0.13163924305952324,
        0.4077797134100398,
        -0.644641775820785,
        0.6059877768757602,
        0.1852974471193769,
        -0.659632085477645,
        0.6288798538579989
      ],
      [
        0.7255739735982301,
        0.2862500501509564,
        -0.3909093578432017,
        -0.4337193793053571,
        0.14085785423065444,
        0.820976892226998,
        -1.8298056037738881,
        -0.7741939084203069,
        -1.7983906129456446,
        -0.9863203055995755,
        -0.8584262828991482,
        0.6311348604147047
      ],
      [
        0.9229550415548238,
        0.38673482393134173,
        -0.20645712463139754,
        -0.7947335351125496,
        -0.620878166251067,
        -0.7580057638211584,
        0.709441351419813,
        -0.08704717433135543,
        -0.6923275291067128,
        0.8115294742689472,
        0.6576971733911325,
        0.6415818737537025
      ],
      [
        -0.93894259470593,
        -0.09955080893679313,
        0.4197264454304198,
        -0.6090839223981339,
        0.2385596469368234,
        0.012177536585958437,
        1.0106106081892319,
        0.9279220565170387,
        0.2365413603140809,
        0.006392888925816909,
        0.9207126277770394,
        -0.21799252326420593
      ],
      [
        -0.2720257695877357,
        -0.4054099985396993,
        -0.8517942921663568,
        0.2965406886131092,
        -0.0732977660504317,
        0.8789911836279916,
        0.19971575028634447,
        -0.5054140886355294,
        -0.2765126220410079,
        0.7738305131796712,
        -0.06738858232513839,
        -0.25319357600329623
      ],
      [
        -0.79643762241094,
        -0.16731532942993654,
        0.9131836633847752,
        0.387697393287187,
        0.8902957837702501,
        0.9922881112822675,
        0.9333269493781748,
        0.769145537324256,
        -0.7009331923824094,
        0.29392557987291834,
        0.6769172842947075,
        0.7848607464895132
      ],
      [
        -1.6694230066063904,
        -0.9292808758347018,
        -0.37070918258027774,
        -0.7252120194177583,
        -0.6429193072845913,
        -0.19471568124262495,
        0.7556445678117907,
        0.5350050802651851,
        0.7744227195478135,
        -0.5283548788753194,
        -0.6339384832509709,
        -0.13168322741777538
      ],
      [
        0.430530905318945,
        -0.9752602915873221,
        -0.7492314853139004,
        0.7628158588190026,
        0.7534787466343655,
        0.842271748957008,
        -0.21092796066171893,
        0.8853390871445188,
        -0.2604589327145691,
        -0.8366537596325294,
        -0.3964531461230979,
        0.5607168101981042
      ],
      [
        -0.9799446762354516,
        -0.7211248828003598,
        -0.5062059471414426,
        0.6700658495355414,
        0.5151460451058893,
        1.055952283313893,
        -0.516516826497073,
        2.064881894250477,
        0.5996830916308544,
        0.6270851261643848,
        -0.05182621799610332,
        -2.2998671371474053
      ],
      [
        0.545515867093437,
        0.8129565772009081,
        0.46348209974025223,
        0.30362559844337844,
        0.26896105607830556,
        0.3222297677498607,
        0.180085014571165,
        -0.7809859868042908,
        0.27958343485115766,
        0.2740877497120294,
        -0.29886535490685806,
        -0.019315005121188833
      ],
      [
        -0.06046826686883078,
        -0.8963820193508105,
        0.07816133947372439,
        -0.3169296110879485,
        0.7303224131346753,
        -0.16494525654230158,
        -0.7318129379296487,
        -0.9205655686732932,
        0.30057740715207615,
        -0.6430437148587151,
        -0.4157749735886196,
        0.12998227734269127
      ],
      [
        -0.9590716922118967,
        0.6651200982729035,
        0.31506510379558905,
        0.7649394689705615,
        -0.25925821282754047,
        -0.8539148566325003,
        0.375845129388783,
        0.6287510365828324,
        0.5086549460641538,
        0.4293694624743425,
        -0.01390698602007201,
        0.8344517073726785
      ],
      [
        -0.5237147572115924,
        0.2625543429798669,
        0.9492518028254682,
        1.366821175355791,
        -0.6343062604626928,
        -0.3072895811596561,
        1.1775808966742347,
        -0.24931649709448983,
        0.6216456095341809,
        0.9775751163341033,
        0.18522142873573122,
        -0.5852646292220383
      ],
      [
        -0.6442363338858472,
        0.9961783117652416,
        -0.1311961002281945,
        0.7215517100817846,
        0.5068797127839544,
        0.6478333858647127,
        0.1618602059916845,
        0.33194514285872534,
        -0.6294395443867082,
        0.11110218849128928,
        -1.6995524421681045,
        0.40757990287119633
      ],
      [
        0.5900711406455286,
        0.02257856095668931,
        -0.45004813587163695,
        0.15312423059815916,
        -0.6165921692513474,
        0.3412354532861459,
        -0.6671759072383301,
        0.6683985212358832,
        0.09856129662558355,
        1.487069415775973,
        -1.3809997136957446,
        1.201006184958032
      ],
      [
        0.4751874792369324,
        -0.9205368120342909,
        -0.6387087605787294,
        2.1861681117832656,
        -0.1664195827903095,
        0.8281718262524642,
        0.3007538598261122,
        -0.5380300718684012,
        0.04212879559689786,
        0.20417020272039954,
        0.15762651317215948,
        -0.8584469583538377
      ],
      [
        -0.8387128900666911,
        -0.14723693308692964,
        0.1571953385050715,
        -0.6787041321217242,
        -0.8382500909149548,
        -0.617661665100627,
        -0.5011072112253097,
        0.414217791968275,
        0.4398297079954798,
        -0.30763812352960507,
        0.630191571552797,
        0.9668111779492168
      ],
      [
        0.4476978985864887,
        -0.9934069738444951,
        -0.041027853266056624,
        -0.987740088653352,
        0.11717962550489025,
        0.14911343176462977,
        0.8047731712092905,
        0.1326847565554472,
        0.3172450747768383,
        0.7907775096258471,
        0.5847372697732354,
        -0.20100249055296548
      ],
