{
  "generations": {
    "gen0": {
      "best": 0.3610115504306595,
      "mean": 0.9742164827338251,
      "worst": 2.1400022911844556
    },
    "gen1": {
      "best": 0.3610115504306595,
      "mean": 0.42282270877178424,
      "worst": 0.8933324690219907
    },
    "gen2": {
      "best": 0.3610115504306595,
      "mean": 0.36101155043065963,
      "worst": 0.3610115504306595
    },
    "gen3": {
      "best": 0.3610115504306595,
      "mean": 0.36101155043065963,
      "worst": 0.3610115504306595
    },
    "gen4": {
      "best": 0.3610115504306595,
      "mean": 0.36101155043065963,
      "worst": 0.3610115504306595
    },
    "gen5": {
      "best": 0.3610115504306595,
      "mean": 0.36101155043065963,
      "worst": 0.3610115504306595
    },
    "gen6": {
      "best": 0.34594131433101877,
      "mean": 0.36025803862567757,
      "worst": 0.3610115504306595
    },
    "gen7": {
      "best": 0.34594131433101877,
      "mean": 0.35520965875732435,
      "worst": 0.3610115504306595
    },
    "gen8": {
      "best": 0.34594131433101877,
      "mean": 0.3459413143310187,
      "worst": 0.34594131433101877
    },
    "gen9": {
      "best": 0.2680211629080017,
      "mean": 0.34074663756948426,
      "worst": 0.34594131433101877
    },
    "gen10": {
      "best": 0.18455168158906335,
      "mean": 0.2961294409384479,
      "worst": 0.34594131433101877
    },
    "gen11": {
      "best": 0.14987088754496675,
      "mean": 0.21676546165085905,
      "worst": 0.26838186330704344
    },
    "gen12": {
      "best": 0.14987088754496675,
      "mean": 0.17556099731126906,
      "worst": 0.18455168158906335
    },
    "gen13": {
      "best": 0.1100527511331873,
      "mean": 0.1505200753501376,
      "worst": 0.18231013374792612
    },
    "gen14": {
      "best": 0.10654680783693908,
      "mean": 0.1331882579851316,
      "worst": 0.14987088754496675
    },
    "gen15": {
      "best": 0.08319370786228059,
      "mean": 0.11516784428341202,
      "worst": 0.13989866154141628
    },
    "gen16": {
      "best": 0.07666918011004703,
      "mean": 0.09121500709082334,
      "worst": 0.11878722515576902
    },
    "gen17": {
      "best": 0.05050530177892554,
      "mean": 0.0796449731933458,
      "worst": 0.08319370786228059
    },
    "gen18": {
      "best": 0.04737499086842257,
      "mean": 0.05823606269162911,
      "worst": 0.08319370786228059
    },
    "gen19": {
      "best": 0.03523421871690456,
      "mean": 0.04733892630087795,
      "worst": 0.05050530177892554
    },
    "gen20": {
      "best": 0.023865909062884456,
      "mean": 0.04091555183232966,
      "worst": 0.05050530177892554
    },
    "gen21": {
      "best": 0.023865909062884456,
      "mean": 0.03168582880289825,
      "worst": 0.042272841031432494
    },
    "gen22": {
      "best": 0.008779414436739314,
      "mean": 0.023378300042507016,
      "worst": 0.023865909062884456
    },
    "gen23": {
      "best": 0.005650087038985407,
      "mean": 0.019737671558717803,
      "worst": 0.023865909062884456
    },
    "gen24": {
      "best": -0.008364382333247319,
      "mean": 0.009316327479627039,
      "worst": 0.023865909062884456
    },
    "gen25": {
      "best": -0.008364382333247319,
      "mean": 0.0032186676633163018,
      "worst": 0.018666291151682887
    },
    "gen26": {
      "best": -0.024773061852672838,
      "mean": -0.007823272874448537,
      "worst": 0.005650087038985407
    },
    "gen27": {
      "best": -0.04528527526331997,
      "mean": -0.019866790903590326,
      "worst": -0.008364382333247319
    },
    "gen28": {
      "best": -0.05343723064361563,
      "mean": -0.03961064101647709,
      "worst": -0.024773061852672838
    },
    "gen29": {
      "best": -0.053767537305390585,
      "mean": -0.049579363811626406,
      "worst": -0.0365629985527765
    },
    "gen30": {
      "best": -0.055830831787351244,
      "mean": -0.05378869269489897,
      "worst": -0.050773450412153
    },
    "gen31": {
      "best": -0.055830831787351244,
      "mean": -0.055617399527226205,
      "worst": -0.053767537305390585
    },
    "gen32": {
      "best": -0.055830831787351244,
      "mean": -0.05583083178735125,
      "worst": -0.055830831787351244
    },
    "gen33": {
      "best": -0.055830831787351244,
      "mean": -0.05583083178735125,
      "worst": -0.055830831787351244
    },
    "gen34": {
      "best": -0.055830831787351244,
      "mean": -0.05583083178735125,
      "worst": -0.055830831787351244
    },
    "gen35": {
      "best": -0.055830831787351244,
      "mean": -0.05583083178735125,
      "worst": -0.055830831787351244
    },
    "gen36": {
      "best": -0.055830831787351244,
      "mean": -0.05583083178735125,
      "worst": -0.055830831787351244
    },
    "gen37": {
      "best": -0.055830831787351244,
      "mean": -0.05583083178735125,
      "worst": -0.055830831787351244
    },
    "gen38": {
      "best": -0.055830831787351244,
      "mean": -0.05583083178735125,
      "worst": -0.055830831787351244
    },
    "gen39": {
      "best": -0.055830831787351244,
      "mean": -0.05583083178735125,
      "worst": -0.055830831787351244
    },
    "gen40": {
      "best": -0.055830831787351244,
      "mean": -0.05583083178735125,
      "worst": -0.055830831787351244
    }
  },
  "metadata": {
    "total_generations": 41
  },