{
  "generations": {
    "gen0": {
      "best": 0.3610115504306595,
      "mean": 0.9742164827338251,
      "worst": 2.1400022911844556
    },
    "gen1": {
      "best": 0.3610115504306595,
      "mean": 0.42282270877178424,
      "worst": 0.8933324690219907
    },
    "gen2": {
      "best": 0.3610115504306595,
      "mean": 0.36101155043065963,
      "worst": 0.3610115504306595
    },
    "gen3": {
      "best": 0.3610115504306595,
      "mean": 0.36101155043065963,
      "worst": 0.3610115504306595
    },
    "gen4": {
      "best": 0.3610115504306595,
      "mean": 0.36101155043065963,
      "worst": 0.3610115504306595
    },
    "gen5": {
      "best": 0.3610115504306595,
      "mean": 0.36101155043065963,
      "worst": 0.3610115504306595
    },
    "gen6": {
      "best": 0.34594131433101877,
      "mean": 0.36025803862567757,
      "worst": 0.3610115504306595
    },
    "gen7": {
      "best": 0.34594131433101877,
      "mean": 0.35520965875732435,
      "worst": 0.3610115504306595
    },
    "gen8": {
      "best": 0.34594131433101877,
      "mean": 0.3459413143310187,
      "worst": 0.34594131433101877
    },
    "gen9": {
      "best": 0.2680211629080017,
      "mean": 0.34074663756948426,
      "worst": 0.34594131433101877
    },
    "gen10": {
      "best": 0.18455168158906335,
      "mean": 0.2961294409384479,
      "worst": 0.34594131433101877
    },
    "gen11": {
      "best": 0.14987088754496675,
      "mean": 0.21676546165085905,
      "worst": 0.26838186330704344
    },
    "gen12": {
      "best": 0.14987088754496675,
      "mean": 0.17556099731126906,
      "worst": 0.18455168158906335
    },
    "gen13": {
      "best": 0.1100527511331873,
      "mean": 0.1505200753501376,
      "worst": 0.18231013374792612
    },
    "gen14": {
      "best": 0.10654680783693908,
      "mean": 0.1331882579851316,
      "worst": 0.14987088754496675
    }
  },
  "metadata": {
    "total_generations": 15
  },
  "weights": {
    "W1": [
      [
        0.8422771550983941,
        -0.9774627228158544,
        0.3009827710824322,
        -0.4948045032846282,
        0.544797593070846,
        0.8420161414550704,
        0.24690611111420324,
        0.8025050140905587,
        0.3080978916734787,
        -0.4475691509180789,
        -0.997054603700144,
        0.8789647735471768
      ],
      [
        0.7019093665190652,
        -0.7711247134811583,
        -0.8837962039684876,
        0.19815413620064448,
        -0.6878481594880479,
        0.2616215243688793,
        -0.9149374299307684,
        0.7596710033405436,
        -0.530819541087844,
        0.026354963021038014,
        0.07884246157773522,
        0.03516277135345147
      ],
      [
        0.8471404649771282,
        0.921879602357788,
        -0.8688200197478892,
        -0.6813319414539463,
        -0.6995547186033111,
        -0.6687911957407255,
        0.8917383613380654,
        0.10053557416577985,
        0.30256397828636716,
        0.579686872593012,
        0.6658471569291857,
        0.6848946143176753
      ],
      [
        -0.3475020415743306,
        0.9460780192931861,
        0.3210267402329887,
        -0.9615188917868842,
        -0.7053896707841734,
        0.015284712013171164,
        0.15890724906237153,
        -0.3222418732731125,
        0.12989379739538887,
        0.28317187200256955,
        -0.07033460685955478,
        -0.4487798349735541
      ],
      [
        -1.4559646055100142,
        0.0796737969246839,
        -0.15403530095429407,
        0.18467263408635493,
        -0.7753334534282634,
        0.19968159324762658,
        0.7886925099026925,
        0.7171591238704127,
        -0.657018992307647,
        -0.055504286197654906,
        -0.21617375116897075,
        -1.116433938097987
      ],
      [
        -0.9338127742650544,
        -0.7330622398753179,
        -0.9665138387664001,
        0.4710304556805028,
        -0.08742104386063554,
        0.20268700688277913,
        0.6089293237809874,
        0.9885307985965948,
        0.1646009105053452,
        0.3450356707178792,
        0.7647263149106889,
        -0.09284081347352341
      ],
      [
        -0.5633159380247659,
        0.6061372398564533,
        -0.2370296175746014,
        0.7732883817026006,
        0.4678259236381998,
        -0.33198423686147005,
        0.04384134233693482,
        0.6426405142999432,
        -0.009852874524388044,
        -0.9882606404837522,
        -1.0443657746355308,
        0.47156940022675187
      ],
      [
        -0.4095298080070846,
        0.32384788886377813,
        0.3154993674547102,
        -0.40348681565662803,
        0.3152588885561418,
        -0.2521300134815332,
        -0.18435629313184698,
        -0.962865284300344,
        -1.189666411183166,
        0.9077296737922791,
        0.8672176273769806,
        -0.08294130319011428
      ],
      [
        -0.5027119665003579,
        -0.6347207791906642,
        0.818945367131533,
        0.1397524245284374,
        -0.1898618962925962,
        0.4592730753026097,
        0.1568125533670039,
        -0.7744263038476333,
        -0.24655494616888185,
        0.522090128792216,
        -1.0500457111578037,
        1.128287123533349
      ],
      [
        -0.41271204885418644,
        -0.24913474443189698,
        -0.7340847724011295,
        0.5297102315932105,
        0.37941158277301024,
        -0.9159427232752655,
        -0.2902803834929186,
        0.3968024069681506,
        -0.739231303953554,
        0.002464320568728917,
        -0.8416816189898206,
        0.0655769380204756
      ],
      [
        -0.12076914623718205,
        -0.2655665311383537,
        0.8832608353850446,
        0.3593393417636801,
        1.1137442522487326,
        0.7474079191700786,
        0.6541380986822602,
        -0.4596233999985214,
        0.7543621942231271,
        0.07032503753466696,
        -0.706259606497639,
        -0.2954436559337632
      ],
      [
        0.43369922891192947,
        -0.09646111729625506,
        -0.003174062836622138,
        0.035541525027732224,
        -0.44710953624441996,
        0.16557737020237234,
        -0.17777225148275266,
        0.9981254666683899,
        0.9214604217882918,
        -0.5383578326122831,
        -0.9231192561811286,
        -0.2537530997301385
      ],
      [
        0.020090286589458148,
        0.5509256664653033,
        0.9403120060107051,
        -0.18449474448406988,
        0.17061434795990804,
        -0.7413044665331661,
        0.16295364961641923,
        0.1338952305405825,
        0.24743933587321104,
        0.8227420576709428,
        0.7749306509878802,
        0.8101589258637962
      ],
      [
        -0.45067752902271757,
        -0.98756284094884,
        -0.4868554147184603,
        0.3212877802546408,
        -0.25084007621888643,
        -0.855135779103795,
        -0.17854206914193127,
        0.5568440819140246,
        -1.5832468234929564,
        -0.16609423759348485,
        -0.8546570842489842,
        -0.09259019868630602
      ],
      [
        0.8628324355065218,
        -0.2404997736815931,
        -0.6461585731931956,
        0.7850806466453168,
        -0.24608931526135192,
        0.9705334542692978,
        0.9655086165292982,
        0.8959660619619179,
        0.002637837049839442,
        -1.0112758247109928,
        0.8296263029759667,
        0.33775370238433233
      ],
      [
        0.9026984681787491,
        -0.04921657179967079,
        -0.5693275135663709,
        0.5029912822372617,
        0.5593440076309543,
        0.73032262880411,
        0.9152007777533597,
        0.029535762429107715,
        0.4202311261807712,
        -0.09812038226552255,
        -0.6254178826187711,
        0.8327290681151889
      ]
    ],