{
  "generations": {
    "gen0": 0.2757720651791415,
    "gen1": 0.2757720651791415,
    "gen2": 0.3223794330116315,
    "gen3": 0.36477621908795677,
    "gen4": 0.36477621908795677,
    "gen5": 0.36477621908795677,
    "gen6": 0.38261446409635763,
    "gen7": 0.3916022622586569,
    "gen8": 0.3916022622586569,
    "gen9": 0.3916022622586569,
    "gen10": 0.4337734026170286,
    "gen11": 0.4337734026170286,
    "gen12": 0.4337734026170286,
    "gen13": 0.4337734026170286,
    "gen14": 0.4337734026170286,
    "gen15": 0.4337734026170286,
    "gen16": 0.4337734026170286,
    "gen17": 0.4337734026170286
  },
  "metadata": {
    "final_best": 0.4337734026170286,
    "final_mean": 0.42889805928575253,
    "final_worst": 0.14125280274046337
  },
  "weights": {
    "W1": [
      [
        -0.5160110175836214,
        1.01577324743714,
        0.4086290151940941,
        0.5266372570074234,
        0.0891053426527546,
        0.2414698106683562,
        0.08660096711394982,
        0.6831083144395595,
        0.8771210034817447,
        0.7021194771559933,
        -0.06395846198741983,
        -0.09927447638423548
      ],
      [
        0.6556595067165738,
        -0.6750114749205227,
        0.7215483544146117,
        0.6408227142032021,
        -0.6276018617438646,
        0.47323579098451396,
        0.5815353288505114,
        0.13556244484187863,
        0.7544414865328395,
        -0.6490101723230706,
        0.7122930085469155,
        -0.21422523324908638
      ],
      [
        0.6539796505526192,
        0.030561317919591824,
        -0.8265244603032882,
        0.3385117068199084,
        -0.18618517734343637,
        -0.7187762487314031,
        -0.08612853246669427,
        -0.50390583266571,
        0.08940454713257151,
        -0.5289574943969322,
        0.507513303562914,
        0.9080696453098251
      ],
      [
        -0.9906280287636009,
        0.8282251842226684,
        -0.8783757093725227,
        -0.18027711474800934,
        -0.2445780216569018,
        -0.8757513363989278,
        -0.8626239923089711,
        -0.38638731599276044,
        -0.17558267598534538,
        0.00504094247677922,
        -0.7903137859187748,
        0.9983519568527914
      ],
      [
        -0.3731731283890446,
        0.8975793767471583,
        -0.06720984008370118,
        -1.0429488839376961,
        0.229250896287698,
        0.6362705623330693,
        -0.8697416027890097,
        -0.18081051367170398,
        0.41892899487682456,
        0.9506257977084065,
        0.9266691226428705,
        -0.9250531764490997
      ],
      [
        -0.9149876061324747,
        0.0750353753864017,
        -1.2477887224147777,
        1.3870430440347876,
        -1.4330870130626843,
        0.5094790994497307,
        -0.1606031476180163,
        -0.15555864372371286,
        -0.10650404500703337,
        0.01822025883737921,
        -0.7951028158769442,
        0.2675200143331744
      ],
      [
        -0.8764839048866324,
        -0.09342472082288222,
        0.01097411218519162,
        0.14540334845572933,
        0.042191978965882754,
        -0.34376472451558704,
        0.8531300130726058,
        -0.7675199556306715,
        -0.5891970289212769,
        0.16629535688203512,
        -0.5446604554781076,
        0.020750708065669032
      ],
      [
        0.6173841663544744,
        -0.09313539964043605,
        0.026495686403283036,
        0.2533923531351987,
        -0.3616950237700617,
        -0.992812431310597,
        0.8315043636336548,
        0.011312626847342244,
        0.5270627417891656,
        -0.4435607651101876,
        0.22733218236487374,
        0.40907268792977747
      ],
      [
        -0.4607551564102059,
        -0.5787346364096151,
        -0.8724801757758336,
        -0.7762283406305519,
        0.4138237273265344,
        0.6623163049136496,
        -0.10480580947006246,
        0.07527514917577194,
        -0.18226612836150347,
        -0.7284304373583452,
        0.5316553658474235,
        -0.10216047377865844
      ],
      [
        0.29176163619432693,
        -0.15927612223534426,
        0.9857131971617579,
        -0.2350407622972559,
        0.9197110766165055,
        0.9702386128875335,
        -0.2828985329899453,
        0.36546070820308274,
        -0.14397780067498034,
        0.6415218602268264,
        0.5513193267709506,
        0.5313332204371675
      ],
      [
        -0.6430527419917766,
        -0.3898662485612776,
        -0.5834708274804412,
        0.00775359213362159,
        -0.554619568067467,
        -0.9930534101101844,
        0.025967524106097734,
        -0.4347937681956563,
        -0.1136250696793264,
        0.4948257857433591,
        0.9236011581416321,
        0.6467208747515687
      ],
      [
        -0.5319271502725922,
        -0.3076805300247465,
        0.5219618748858024,
        0.8748207222701336,
        0.6588001884679331,
        -0.9538519903808077,
        0.6189563670783889,
        0.2100857051082905,
        0.2453773157767103,
        -0.7745658316898412,
        -0.9687084072729009,
        -0.6139972282551069
      ],
      [
        -0.7982065738149859,
        -0.9328474484914384,
        0.938649252402664,
        -0.6274205812074081,
        -0.7445674181595743,
        -0.7335194744366287,
        -0.1522530925687766,
        -0.5313214430248767,
        -0.5654615796448932,
        0.7274604853401128,
        0.3104175604489803,
        -0.6592286249644095
      ],
      [
        -0.16037466772521358,
        0.7888773543386536,
        0.7853232197217166,
        0.44832235056717473,
        -0.2878010354904794,
        -0.07634942033960668,
        -0.3586697692140337,
        0.5159238320514332,
        -0.8674304929423293,
        -0.8868057920444594,
        0.6336482409490006,
        -0.3989980924851608
      ],
      [
        -0.4923987586089556,
        0.8970405100534427,
        0.13005230151253144,
        -0.6808779348325344,
        0.16784042017033324,
        -0.145598835410913,
        0.6803773872679217,
        0.28649309389715416,
        0.8831728196638235,
        -0.034557629904344855,
        0.571609191961036,
        -0.8024186349697189
      ],
      [
        -0.1673507331571107,
        -0.7111142852276806,
        -0.24707962298573594,
        0.08797228264984502,
        0.16360925385068137,
        0.698681864520081,
        1.0641414238102422,
        0.16075218656414292,
        0.6115523198697739,
        0.9659271576368706,
        0.12477189917381826,
        0.1486725122760808
      ],
      [
        -0.5906278016666735,
        0.18202970881415326,
        -0.8437427581570183,
        -0.5933265338798912,
        0.2934117030958894,
        0.8444522090224447,
        0.6942667718392237,
        -0.4699705417099338,
        0.4427454162614641,
        0.2913723539329909,
        -0.5720301542819837,
        0.34734384126915696
      ],
      [
        -0.7842354098920614,
        0.656874442426219,
        -0.6236734121344893,
        -0.5300196610053267,
        0.44861047970429824,
        0.11770095254505453,
        -0.8484049630472078,
        0.7389477030490759,
        -0.33407137836235745,
        0.9140395210533463,
        -0.2012874119184791,
        1.7876867850910982
      ],
      [
        -0.6603295645700316,
        -0.765367601113331,
        -0.7971226987944092,
        -0.9297041739255558,
        -0.5392342079770737,
        0.18707036189067855,
        -0.5271086038511437,
        0.8302529191871129,
        -0.17179084239241926,
        -0.7289160926628346,
        0.1424824798165405,
        -0.606812247495798
      ],
      [
        0.9168723604634605,
        0.16678477870192032,
        0.025633080047547052,
        -0.005445413798033316,
        0.20983039309067242,
        -0.9399498692164945,
        -0.061019155954883164,
        0.6794623631273697,
        -0.33292329377956764,
        0.5958826625806957,
        -0.4575661438160215,
        0.12504945492870867
      ],
